Indian Wells,2016,18086,tourney_name
,,,Indian Wells
,,,Indian Wells Masters
,,,US Open
,,,Wimbledon
,,,Miami
,,,Miami Masters
,,,Roland Garros
,,,Australian Open
,,,Roland Garros
,,,Miami
,,,Wimbledon
,,,Roland Garros
,,,Australian Open
,,,Roland Garros
,,,Miami
,,,Miami Masters
,,,Wimbledon
,,,Indian Wells
,,,Indian Wells Masters
,,,Doha Aus Open Qualies
,,,Dubai Aus Open Qualies
,,,Australian Open
,,,US Open
,,,US Open
,,,Indian Wells
,,,Indian Wells Masters
,,,Miami
,,,Miami Masters
,,,Miami
,,,Miami Masters
,,,Roland Garros
,,,Miami Masters
,,,Australian Open
,,,US Open
,,,Canberra CH
,,,Prague
,,,Roland Garros
,,,Bangkok CH
,,,Wimbledon
,,,Indian Wells
,,,Indian Wells Masters
,,,Australian Open
,,,Columbus CH
,,,Prague CH
,,,Bendigo CH
,,,US Open
,,,Glasgow CH
,,,Liuzhou CH
,,,Wimbledon
,,,Sophia Antipolis CH
,,,Prostejov CH
,,,Noumea CH
,,,Aix En Provence CH
,,,Cincinnati
,,,Knoxville CH
,,,Paris Masters
,,,Wuhan
,,,Nanchang CH
,,,Taipei CH
,,,Indian Wells CH
,,,Little Rock CH
,,,Brest CH
,,,Rome
,,,Rome Masters
,,,Beijing
,,,Beijing
,,,L'Aquila CH
,,,Villena CH
,,,Cincinnati
,,,Cincinnati Masters
,,,Winston-Salem
,,,Gwangju CH
,,,Wuhan
,,,Lexington CH
,,,Canada Masters
,,,Amersfoort CH
,,,Winston-Salem
,,,Winston-Salem
,,,Gatineau CH
,,,Heilbronn CH
,,,Montreal
,,,Barcelona
,,,Launceston CH
,,,Rome
,,,Rome Masters
,,,Madrid
,,,Madrid Masters
,,,Poznan CH
,,,Charleston
,,,Great Ocean Road Open
,,,Dubai
,,,Winnipeg CH
,,,Cuernavaca CH
,,,Columbus CH
,,,Las Vegas CH
,,,Yokohama CH
,,,Cincinnati
,,,Cincinnati Masters
,,,Doha
,,,Prague CH
,,,Da Nang CH
,,,Rome
,,,Rome Masters
,,,San Luis Potosi CH
,,,Busan CH
,,,Dubai
,,,Indian Wells CH
,,,Cuernavaca CH
,,,Madrid
,,,Madrid Masters
,,,Indian Wells 125K
,,,Maia CH
,,,Phillip Island Trophy
,,,Cleveland CH
,,,Traralgon CH
,,,Zhuhai CH
,,,Fairfield CH
,,,Wuhan
,,,Jerusalem CH
,,,Banja Luka CH
,,,Rome
,,,Meerbusch CH
,,,Bangkok CH
,,,Rome Masters
,,,Nottingham
,,,Helsinki CH
,,,Budapest CH
,,,Drummondville CH
,,,Murcia CH
,,,Chengdu CH
,,,Hamburg CH
,,,Toronto 
,,,Charlottesville CH
,,,Braunschweig CH
,,,Orleans CH
,,,Koblenz CH
,,,Drummondville CH
,,,Pau CH
,,,Shenzhen CH
,,,Australian Open
,,,Cassis CH
,,,Monterrey CH
,,,Montreal
,,,Ilkley CH
,,,Quimper CH
,,,Kaohsiung CH
,,,Blois CH
,,,Cherbourg CH
,,,Bendigo CH
,,,Shanghai Masters
,,,Madrid
,,,Madrid Masters
,,,New Haven
,,,Santo Domingo CH
,,,Doha
,,,Washington
,,,Washington
,,,Ostrava CH
,,,Barletta CH
,,,Rennes CH
,,,Granby CH
,,,Bengaluru CH
,,,Francavilla Al Mare CH
,,,Augsburg CH
,,,Bratislava CH
,,,Anning CH
,,,Almaty CH
,,,Winston-Salem
,,,Guayaquil CH
,,,Campinas CH
,,,Champaign-Urbana CH
,,,Liberec CH
,,,Charleston 1
,,,Buenos Aires CH
,,,Burnie CH
,,,Portoroz CH
,,,Canada Masters
,,,Sibiu CH
,,,Madrid Masters
,,,San Benedetto CH
,,,Washington
,,,Washington
,,,Savannah CH
,,,Rome CH
,,,Calgary CH
,,,Monte Carlo Masters
,,,Biella CH
,,,Olympics
,,,Rio Olympics
,,,Monte Carlo Masters
,,,Shanghai Masters
,,,Manerbio CH
,,,Rome
,,,Rome Masters
,,,Barcelona
,,,Monterrey CH
,,,Paris Masters
,,,Lisboa CH
,,,Cherbourg CH
,,,Newport Beach
,,,Nur-Sultan CH
,,,Barcelona CH
,,,Ningbo CH
,,,Eastbourne
,,,New Haven CH
,,,Noumea CH
,,,Tiburon CH
,,,Dubai
,,,Punta Del Este CH
,,,Puerto Vallarta CH
,,,Shymkent CH
,,,Washington
,,,Washington
,,,Cary CH
,,,Shenzhen CH
,,,Punta Del Este CH
,,,Prague CH
,,,Beijing
,,,Beijing
,,,Seoul CH
,,,Burnie CH
,,,Kobe CH
,,,Rome
,,,Rome Masters
,,,Genova CH
,,,Lille CH
,,,Newport Beach
,,,Bangkok CH
,,,Florence CH
,,,W25 Telavi
,,,Abu Dhabi
,,,Pau CH
,,,Wuhan
,,,Toronto
,,,Nottingham CH
,,,Pune CH
,,,Ortisei CH
,,,Bratislava CH
,,,Surbiton CH
,,,Cordenons CH
,,,Mouilleron-Le-Captif CH
,,,Cincinnati
,,,Cincinnati Masters
,,,Bergamo CH
,,,Ismaning CH
,,,Tampere CH
,,,Ludwigshafen CH
,,,Jinan CH
,,,Madrid
,,,Recanati CH
,,,Cincinnati
,,,Cincinnati Masters
,,,Ann Arbor CH
,,,Bordeaux CH
,,,W60 Bellinzona
,,,Parma CH
,,,Columbus CH
,,,Shanghai Masters
,,,Binghamton CH
,,,Quimper CH
,,,Shymkent CH
,,,Lyon  CH
,,,Charleston
,,,Barcelona
,,,W25 Oeiras
,,,Monte Carlo Masters
,,,Houston
,,,Montevideo CH
,,,Tokyo Olympics
,,,W15 Sharm El Sheikh
,,,Monte Carlo Masters
,,,Canada Masters
,,,Sopot CH
,,,W15 Cairo
,,,Perugia CH
,,,Washington
,,,Barcelona
,,,Lima CH
,,,Charleston
,,,Braga CH
,,,Canada Masters
,,,Orlando CH
,,,Gippsland Trophy
,,,St. Brieuc CH
,,,Canada Masters
,,,Koblenz  CH
,,,Zhangjiagang CH
,,,Samarkand CH
,,,Vancouver  CH
,,,Szczecin CH
,,,Seville CH
,,,Bergamo CH
,,,Segovia CH
,,,Almaty CH
,,,Aptos CH
,,,Como CH
,,,Montreal
,,,Murray River Open
,,,Launceston CH
,,,W25 Klosters
,,,Phoenix CH
,,,Winston-Salem
,,,Mallorca CH
,,,Heraklion $15K
,,,Monte Carlo Masters
,,,Milan CH
,,,Nottingham
,,,Paris Masters
,,,Eastbourne
,,,Eastbourne
,,,Eastbourne
,,,Eastbourne
,,,W15 Antalya
,,,Yokkaichi CH
,,,Newport Beach CH
,,,Tallahassee CH
,,,W15 Antalya
,,,Marbella CH
,,,Chicago CH
,,,Columbus CH
,,,Manerbio CH
,,,Marrakech
,,,W15 Tabarka
,,,W15 Villena
,,,Playford CH
,,,W15 Wanfercee Baulet
,,,Istanbul CH
,,,W25 Moscow
,,,Guangzhou CH
,,,Cantanhede $15K
,,,Santiago $10K
,,,El Espinar Segovia $25K
,,,Daytona Beach FL $25K
,,,Dallas CH
,,,Shanghai CH
,,,Tokyo Olympics
,,,Vicenza CH
,,,Trieste CH
,,,Hammamet $15K
,,,Las Palmas de Gran Canaria $10K
,,,Nuernberg $10K
,,,W25 RibaRoja de Turia
,,,W15 Hua Hin
,,,Amiens $15K
,,,Dubai
,,,Baotou CH
,,,Trnava $10K
,,,Antalya $15K
,,,Moscow $10K
,,,Irapuato $25K
,,,Cordenons CH
,,,Kashiwa $25K
,,,Antalya $15K
,,,Luque 15K
,,,Antalya $15K
,,,Dothan AL $80K
,,,Hammamet $15K
,,,Doha
,,,W60 Wiesbaden
,,,W25 Guayaquil
,,,Scottsdale AZ $50K
,,,Osprey FL $50K
,,,W25 Naples FL
,,,Montpellier
,,,W25 Plantation FL
,,,Monzon $25K
,,,Chennai CH
,,,Palmanova Mallorca $15K
,,,Indian Wells 125K
,,,W15 Tabarka
,,,Loughborough $10K
,,,Playford CH
,,,Cantanhede $10K
,,,W25 Santa Margarita de Montbui
,,,Hamamatsu $25K
,,,Guimaraes $15K
,,,W25 Pelham AL
,,,Francavilla Al Mare CH
,,,Santiago CH
,,,Tallahassee CH
,,,Nur-Sultan CH
,,,Aptos CH
,,,Santa Margherita Di Pula $25K
,,,Nanjing $15K
,,,Kaohsiung $10K
,,,Dallas CH
,,,W15 Savitaipale
,,,W25 Bethany Beach DE
,,,Yarra Valley Classic
,,,W15 Frederiksberg
,,,Gstaad
,,,Hammamet $15K
,,,Tarvisio $15K
,,,Beijing
,,,Beijing
,,,Cincinnati
,,,Cincinnati Masters
,,,W15 Tabarka
,,,W15 Shymkent
,,,Manila CH
,,,Contrexeville $100K
,,,W15 Dijon
,,,Perigueux $25K
,,,W15 Cancun
,,,Paris Masters
,,,Launceston $75K
,,,W25 Darmstadt
,,,Stockholm
,,,Braunschweig CH
,,,Eastbourne
,,,Eastbourne
,,,Osaka $25K
,,,Barcelona CH
,,,W15 Antalya
,,,W25 Saskatoon
,,,Bergamo CH
,,,W60 Saint Gaudens
,,,W25 Las Palmas de Gran Canaria
,,,Goyang $25K
,,,Antalya 15K
,,,W15 Gimcheon
,,,Antalya $10K
,,,Hammamet $10K
,,,W60 Oeiras
,,,Geneva
,,,Bol $10K
,,,Nanjing $15K
,,,Surbiton $50K
,,,Shenzhen
,,,Schoonhoven $15K
,,,Dubai
,,,Landisville PA $25K
,,,Pune $10K
,,,Benicarlo $15K
,,,Cairo $10K
,,,W15 Sharm El Sheikh
,,,Munich
,,,Nur-Sultan 4 CH
,,,Tunis CH
,,,Santa Margherita Di Pula $25K
,,,Antalya $10K
,,,Brescia $60K
,,,Saint Gervais $10K
,,,Houston
,,,Moscow $15K
,,,Manacor Mallorca $15K
,,,Sofia
,,,Canberra $25K
,,,Liberec CH
,,,Karlskrona $15K
,,,Santa Margherita Di Pula $25K
,,,Auburn AL $25K
,,,Croissy Beaubourg $60K
,,,W15 L'aquila
,,,Antalya $10K
,,,Aix En Provence CH
,,,Hammamet $15K
,,,Sharm El Sheikh $15K
,,,Cary CH
,,,Antalya $15K
,,,W15 Tabarka
,,,Charleston
,,,Playford CH
,,,Newport Beach CH
,,,Rancho Santa Fe CA $25K
,,,Sharm El Sheikh $15K
,,,Grado $25K
,,,Antalya $15K
,,,Andijan $25K
,,,Halle
,,,Landisville PA $25K
,,,Sydney
,,,Sydney
,,,Daegu $25K
,,,Naples FL $25K
,,,Darmstadt $25K
,,,Moscow $10K
,,,Bucharest $15K
,,,Figueira Da Foz $25K
,,,Recanati CH
,,,Hong Kong $15K
,,,St Remy de Provence CH
,,,Sharm El Sheikh $15K
,,,W60 Lexington KY
,,,Batumi $10K
,,,Cairo $15K
,,,Vinaros $15K
,,,Tashkent
,,,W25 Moscow
,,,Muzaffarnagar $25K
,,,Ostrava CH
,,,Solarino $15K
,,,Sharm El Sheikh $15K
,,,Split CH
,,,Suzhou CH
,,,Prerov $15K
,,,Istanbul $15K
,,,W25 Osprey FL
,,,W15 Jablonec nad Nisou
,,,Karshi $25K
,,,Verbier $15K
,,,Santiago CH
,,,W15 Cairo
,,,Namangan $25K
,,,W25 Cherbourg en Cotentin
,,,Hamburg CH
,,,Lyon CH
,,,Newport
,,,Jinan CH
,,,Antalya $10K
,,,Sofia $25K
,,,W15 Cairo
,,,Nottingham
,,,Lagos $25K
,,,W60+H La Bisbal D'Emporda
,,,Sao Jose Dos Campos $15K
,,,Taipei CH
,,,Anning 15K
,,,San Luis Potosi CH
,,,Anning $100K
,,,Mestre CH
,,,Sharm El Sheikh $15K
,,,Bastad
,,,Eastbourne
,,,Campos Do Jordao $25K
,,,Karshi CH
,,,Ricany $10K
,,,Yeongwol $15K
,,,Hammamet $15K
,,,W15 Cancun
,,,Guayaquil CH
,,,W60 Saint Malo
,,,W15 Antalya
,,,W15 Antalya
,,,Indian Harbour Beach FL $80K
,,,Leon CH
,,,W25 Seville
,,,Hammamet $10K
,,,Hammamet $15K
,,,Antwerp
,,,Santa Margherita Di Pula $25K
,,,W25 Santo Domingo
,,,Vienna $15K
,,,Prostejov CH
,,,Stockholm $10K
,,,Monzon $10K
,,,W25 Karuizawa
,,,Lyon CH
,,,Almaty $15K
,,,Gatineau CH
,,,Bucharest $15K
,,,Melilla $15K
,,,Bol
,,,Stuttgart
,,,Norman OK $25K
,,,Winnetka CH
,,,Tianjin $50K
,,,Mallorca
,,,Montpellier
,,,Nonthaburi $15K
,,,W15 Antalya
,,,Caslano $10K
,,,Hua Hin
,,,Minsk $25K
,,,W25 Glasgow
,,,Essen $25K
,,,St. Brieuc CH
,,,Montpellier
,,,Belgrade
,,,Antalya 1 CH
,,,Mouilleron-Le-Captif CH
,,,Macon $10K
,,,Pullach CH
,,,Antalya $10K
,,,Istanbul $25K
,,,Akko $15K
,,,Tel Aviv $15K
,,,W60 Rome GA
,,,Akko $10K
,,,W15 Stuttgart Stammheim
,,,Istanbul
,,,W60 Amstelveen
,,,Daytona Beach FL $25K
,,,W25 Altenkirchen
,,,W25 Qujing
,,,W60 Fukuoka
,,,Almaty CH
,,,W15 Stockholm
,,,Chisinau $10K
,,,Ortisei $15K
,,,Gimcheon CH
,,,Nanjing $15K
,,,Minsk $25K
,,,Budapest CH
,,,Newport Beach
,,,W15 Monastir
,,,New York
,,,Marbella $15K
,,,Liberec CH
,,,Qujing CH
,,,Hammamet $15K
,,,Stellenbosch $10K
,,,Tokyo
,,,W15 Cairo
,,,Como CH
,,,Prague $15K
,,,Torino $25K
,,,Hua Hin $15K
,,,Istanbul CH
,,,W15 Metepec
,,,Prague CH
,,,Lille CH
,,,W15 Monastir
,,,Hua Hin $10K
,,,Qingdao CH
,,,Brisbane
,,,Brisbane
,,,Solarino $15K
,,,W25 Hilton Head Island SC
,,,Petange $10K
,,,Madrid
,,,Madrid Masters
,,,Guadalajara
,,,W25 Wroclaw
,,,Tashkent
,,,Launceston $60K
,,,Hua Hin $15K
,,,Dunakeszi $60K
,,,Sharm El Sheikh $15K
,,,Heraklion $10K
,,,Irapuato $25K
,,,Sao Jose Dos Campos $15K
,,,Tel Aviv $15K
,,,W15 Monastir
,,,Tweed Heads $25K
,,,Marburg CH
,,,Houston
,,,Lausanne
,,,W15 Antalya
,,,Lyon
,,,Brest CH
,,,W25 Liepaja
,,,Hammamet $15K
,,,Koblenz CH
,,,Cairo $15K
,,,Nonthaburi $15K
,,,Charleston SC $15K
,,,Kharkiv $25K
,,,Sheffield $10K
,,,Montreux $60K
,,,Playford $25K
,,,Santa Margherita Di Pula $25K
,,,Santa Margherita Di Pula $25K
,,,Bendigo $60K
,,,Biel
,,,Acapulco
,,,Acapulco
,,,W60 Jinan
,,,Seville CH
,,,Istanbul $15K
,,,W15 Las Palmas de Gran Canaria
,,,Shymkent $10K
,,,Honolulu
,,,Santa Margherita Di Pula $25K
,,,W15 Varna
,,,Anning $15K
,,,Metz
,,,Launceston CH
,,,Budapest $15K
,,,Mexico City $10K
,,,W25 Mildura
,,,Anning CH
,,,Dallas CH
,,,Bastad
,,,W25 Khimki
,,,Sharm El Sheikh $100K
,,,San Francisco CH
,,,Rome 1 CH
,,,Macon GA $50K
,,,Rabat
,,,Stuttgart
,,,Yeongwol $15K
,,,Limoges
,,,Horb $25K
,,,Sharm El Sheikh $15K
,,,Anning $10K
,,,Santa Cruz $10K
,,,Quanzhou $60K
,,,Genova CH
,,,W100+H Dubai
,,,W15 Antalya
,,,Prague CH
,,,W15 Antalya
,,,Luedenscheid CH
,,,W15 Austin TX
,,,W25 Fort Worth TX
,,,Cleveland CH
,,,W15 Tabarka
,,,Heraklion $15K
,,,Hammamet $10K
,,,Hammamet $15K
,,,W15 Cancun
,,,W15 Sharm El Sheikh
,,,Napoli CH
,,,Sharm El Sheikh $10K
,,,Sharm El Sheikh $10K
,,,Zhuhai CH
,,,W15 Chornomorsk
,,,Pune
,,,Cali CH
,,,W15 Savitaipale
,,,Joue Les Tours $50K
,,,Gonesse $15K
,,,Macon $15K
,,,Parma
,,,Maaseik $10K
,,,Hilton Head Island SC 15K
,,,W15 Lousada
,,,Gatineau CH
,,,Atlanta
,,,Varna $15K
,,,Encarnacion $15K
,,,Luan $60K
,,,Rotterdam
,,,Monastir $15K
,,,Montevideo CH
,,,Chornomorsk $15K
,,,W15 Heraklion
,,,Quanzhou $50K
,,,Plzen $25K
,,,W25 Kazan
,,,Joue Les Tours $25K
,,,Wirral $25K
,,,Houston
,,,Curitiba $25K
,,,Schio $15K
,,,W25 Hamburg
,,,Knoxville CH
,,,Hammamet $15K
,,,Antalya $15K
,,,Metz
,,,W60 Kyoto
,,,Doha
,,,Sharm El Sheikh $15K
,,,Zhuhai $50K
,,,Aix En Provence CH
,,,Rome CH
,,,Targu Jiu $15K
,,,Campinas CH
,,,W15 Dublin
,,,W15 Monastir
,,,Heraklion $15K
,,,Hua Hin $25K
,,,Ismaning CH
,,,Portoroz CH
,,,Buenos Aires
,,,Guayaquil $15K
,,,Velenje $10K
,,,Oldenzaal $15K
,,,Rennes CH
,,,Istanbul
,,,Como CH
,,,Monterrey
,,,Rotterdam $15K
,,,Stockton CA $60K
,,,Antalya $10K
,,,Sandelfjord $15K
,,,Shanghai CH
,,,W15 Cancun
,,,W25 Denain
,,,W15 Tabarka
,,,W80 Biarritz
,,,Sharm El Sheikh $15K
,,,Budapest
,,,Sevilla CH
,,,W15 Lambare
,,,Houston CH
,,,W60 Valencia
,,,W60+H Saint-Malo
,,,Stuttgart
,,,Bucharest
,,,Szczawno Zdroj $10K
,,,Bucharest $15K
,,,Antalya $15K
,,,Glasgow $15K
,,,Nanjing $15K
,,,St. Petersburg
,,,Seville $25K
,,,W15 Alkmaar
,,,Curitiba $25K
,,,El Espinar Segovia $25K
,,,Hodmezovasarhely $25K
,,,Delray Beach
,,,Marrakech
,,,Focsani $15K
,,,Shenzhen CH
,,,W25 Nonthaburi
,,,Antalya $10K
,,,W15 Nanchang
,,,W25 Sumter SC
,,,Bol $10K
,,,Ivano Frankivsk $15K
,,,W25 Cucuta
,,,Sharm El Sheikh $15K
,,,W15 Cairo
,,,Rome  CH
,,,Nurnberg
,,,W25 Imola
,,,Cairo $15K
,,,Goyang $25K
,,,Tampere CH
,,,W100+H Nottingham
,,,Hammamet $15K
,,,Santa Margherita Di Pula $25K
,,,Santa Margherita Di Pula $25K
,,,Trieste CH
,,,Kaohsiung CH
,,,Medellin CH
,,,Nurnberg
,,,Kyoto $15K
,,,Quimper CH
,,,Savannah CH
,,,Shymkent $10K
,,,Eckental CH
,,,Queen's Club
,,,W25 Istanbul
,,,Recanati CH
,,,Brisbane
,,,Brisbane
,,,W15 Antalya
,,,Antalya $15K
,,,W25 Pescara
,,,W100 Midland MI
,,,Calvia
,,,W15 Wesley Chapel FL
,,,Cairns $25K
,,,Maribor $15K
,,,Acapulco
,,,Biella 1 CH
,,,Paris Masters
,,,W25 Kyiv
,,,W25 Santa Margherita Di Pula
,,,Hong Kong
,,,W15 Amiens
,,,Burnie CH
,,,Gyeongsan $15K
,,,Parma CH
,,,Concepcion CH
,,,W15 Antalya
,,,Cagnes Sur Mer $100K
,,,Helsinki $10K
,,,Bucha $25K
,,,Medellin $10K
,,,Middelburg $25K
,,,Kobe CH
,,,Monastir $15K
,,,Antalya $15K
,,,Karshi CH
,,,Barletta CH
,,,Obidos $25K
,,,Dijon $10K
,,,Toowoomba $25K
,,,Cassis CH
,,,Astana $10K
,,,Hammamet $10K
,,,Lima CH
,,,Shanghai Masters
,,,W100 Midland MI
,,,Targu Jiu $15K
,,,Rio de Janeiro CH
,,,Hammamet $15K
,,,Stuttgart
,,,W60 Saint-Gaudens
,,,Francavilla Al Mare CH
,,,Chiasso $25K
,,,Hammamet $15K
,,,W15 Cairo
,,,Zhengzhou $50K
,,,Saint Malo $60K
,,,Prague
,,,Las Palmas de Gran Canaria $15K
,,,Limoges
,,,Quimper CH
,,,W25 Porto
,,,W25 Salinas
,,,Milan CH
,,,W15 Sharm El Sheikh
,,,W25 Navi Mumbai
,,,Saguenay $60K
,,,Prostejov CH
,,,Mornington $25K
,,,W25 Frydek Mistek
,,,Stuttgart
,,,Antalya $10K
,,,Ortisei $15K
,,,Charlottesville CH
,,,Eckental CH
,,,W15 Tabarka
,,,Sarasota CH
,,,Prostejov CH
,,,Santa Margherita Di Pula $25K
,,,W15 Sharm El Sheikh
,,,Hamburg
,,,Curtea de Arges $15K
,,,W15 Antalya
,,,Bastad CH
,,,Stellenbosch $15K
,,,Bengaluru CH
,,,Santa Margherita Di Pula $25K
,,,W25 Hong Kong
,,,W25 Grado
,,,W15 Cancun
,,,Umag
,,,Fairfield CH
,,,Grado $25K
,,,W15 Oslo
,,,Hammamet $15K
,,,Gatineau $25K
,,,Sunrise FL $25K
,,,Brescia CH
,,,Santa Margherita Di Pula $25K
,,,Pelham AL $25K
,,,Saint-Malo
,,,W25 Kazan
,,,Hua Hin $15K
,,,W15 Prokuplje
,,,Hammamet $10K
,,,Shanghai CH
,,,W15 Heraklion
,,,W15 Antalya
,,,Strasbourg
,,,W25 Pelham AL
,,,Blois CH
,,,Santa Margherita Di Pula $25K
,,,Jablonec nad Nisou $15K
,,,W15 Cairo
,,,Caslano $15K
,,,Cairo 15K
,,,Santa Margherita Di Pula $25K
,,,Manacor Mallorca $15K
,,,Warsaw CH
,,,Cherboug en Cotentin $25K
,,,Fort Worth TX $25K
,,,W25 Hong Kong
,,,W25 Las Palmas de Gran Canaria
,,,Verona CH
,,,Tampico $100K
,,,Stockholm $15K
,,,Bertioga $25K
,,,Szeged $50K
,,,W15 Shymkent
,,,Biella CH
,,,W60 San Bartolome de Tirajana (Gran Canaria)
,,,Rio de Janeiro
,,,Rio de Janeiro
,,,Bad Saulgau $25K
,,,Hammamet $15K
,,,Linz
,,,W60 Olomouc
,,,Kazan CH
,,,Saint Martin Guadeloupe $10K
,,,W60 Andrezieux Boutheon
,,,Kitzbuhel
,,,Nottingham CH
,,,Sharm El Sheikh $10K
,,,Solarino $15K
,,,W15 Antalya
,,,W15 Antalya
,,,W15 Antalya
,,,Pelham AL $25K
,,,W15 Yeongwol
,,,Antalya $15K
,,,W25 Grenoble
,,,Nantes $25K
,,,Aix en Provence CH
,,,W15 Don Benito Badajoz
,,,Solapur $15K
,,,Tigre CH
,,,Antalya $10K
,,,Sant Cugat $25K
,,,W15 Telavi
,,,W15 Nanchang
,,,Jablonec nad Nisou $15K
,,,Suzhou CH
,,,Solarino $15K
,,,W15 Palmanova
,,,Hammamet $10K
,,,Cairo $15K
,,,Zhuhai
,,,Qingdao CH
,,,Linz
,,,Stockton CH
,,,Mallorca CH
,,,Rio De Janeiro CH
,,,Floridablanca CH
,,,Stockholm
,,,Liuzhou $60K
,,,Lyon
,,,Les Contamines Montjoie $15K
,,,Getxo $25K
,,,Antalya $10K
,,,Sibiu CH
,,,W25 Oeiras
,,,Gwalior $25K
,,,Lugano
,,,W25 Namangan
,,,Pune $25K
,,,Istanbul $60K
,,,Ricany $15K
,,,W25 Goyang
,,,Rabat
,,,Dalian
,,,Incheon $25K
,,,Midland MI $100K
,,,Hobart
,,,Vrnjacka Banja $10K
,,,Luque $15K
,,,Ilkley CH
,,,Monastir 15K
,,,W15 Antalya
,,,Palermo
,,,Cairo $15K
,,,Shymkent CH
,,,W25 Irapuato
,,,Biella CH
,,,Getxo $25K
,,,Obidos $25K
,,,Rennes CH
,,,Ilkley $100K
,,,Yeongwol $10K
,,,Cordoba
,,,Norman OK $25K
,,,Lawrence KS $25K
,,,Roehampton $10K
,,,Quebec City
,,,Bendigo $60K
,,,W25 Cairns
,,,Hammamet $15K
,,,Cucuta $15K
,,,Monterrey CH
,,,W15 Vrnjacka Banja
,,,Hua Hin $10K
,,,Los Cabos
,,,Santa Margherita Di Pula $10K
,,,Brisbane
,,,Brisbane
,,,Ismaning CH
,,,Savitaipale $10K
,,,Rennes CH
,,,W25 Olimpia
,,,Almaty CH
,,,Biella $15K
,,,W15 Monastir
,,,Hammamet 15K
,,,W15 Antalya
,,,W15 Szekesfehervar
,,,W15 Tabarka
,,,Hobart
,,,Hammamet $10K
,,,Cali CH
,,,Canberra CH
,,,Tokyo
,,,W25 Naiman
,,,Aurangabad $25K
,,,Honolulu
,,,W100 Contrexeville
,,,W25 Guiyang
,,,Kreuzlingen $50K
,,,Sezze $15K
,,,W15 Haren
,,,Canberra $60K
,,,Guayaquil $15K
,,,Hua Hin $15K
,,,Sharm El Sheikh $15K
,,,Yokohama CH
,,,Hammamet $15K
,,,Shenzhen CH
,,,Orlando FL $15K
,,,Taipei $15K
,,,Mallorca
,,,Istanbul
,,,Ho Chi Minh City CH
,,,W15 Tabarka
,,,W15 Monastir
,,,Luxembourg
,,,Sacramento CA $60K
,,,Almaty CH
,,,Antalya $15K
,,,Campos Do Jordao $15K
,,,W15 Monastir
,,,Galati $10K
,,,Kaltenkirchen $10K
,,,W15 Tabarka
,,,Tampico $50K
,,,Gimcheon $15K
,,,Nonthaburi $25K
,,,Amiens $10K
,,,Monastir $15K
,,,Tampa FL $15K
,,,W15 Antalya
,,,Puebla $25K
,,,Chengdu
,,,Sharm El Sheikh $10K
,,,Antalya $15K
,,,Auckland
,,,W25 Villa Maria
,,,Sharm El Sheikh $10K
,,,Istanbul $50K
,,,San Benedetto del Tronto CH
,,,W15 Tabarka
,,,W60 Versmold
,,,Jakarta $15K
,,,Cleveland
,,,Strasbourg
,,,Caltanissetta CH
,,,W15 Tabarka
,,,Bergamo $15K
,,,W15 Antalya
,,,W60 Les Franqueses del Valles
,,,Nashville TN $25K
,,,Traralgon CH
,,,Busan CH
,,,W15 Melilla
,,,Buenos Aires CH
,,,Zhengzhou
,,,Dobrich $25K
,,,Bol
,,,Horb $25K
,,,W15 Sharm El Sheikh
,,,Kaohsiung
,,,Targu Jiu $10K
,,,Dallas CH
,,,Kitzbuhel
,,,W100 Contrexeville
,,,Sao Paulo $25K
,,,Stockholm $15K
,,,W15 Almada
,,,Stockholm
,,,W25 Orlando FL
,,,Naiman $25K
,,,Rancho Santa Fe CA $25K
,,,Marseille
,,,W15 Heraklion
,,,Navi Mumbai $25K
,,,Tashkent  CH
,,,Istanbul
,,,W60 Colina
,,,W15 Prokuplje
,,,W15 Sharm El Sheikh
,,,Nonthaburi $15K
,,,Clermont Ferrand $25K
,,,Astana CH
,,,W15 Cancun
,,,W15 Cancun
,,,W15 Sharm El Sheikh
,,,Cagliari
,,,Tokyo
,,,Cherbourg CH
,,,Stockton CH
,,,Sharm El Sheikh $15K
,,,Taipei $15K
,,,Nonthaburi $25K
,,,Vrnjacka Banja $15K
,,,Geneva
,,,Barcelona
,,,Montpellier
,,,Tokyo $25K
,,,Bastad
,,,Lagos $25K
,,,Sharm El Sheikh $15K
,,,Tashkent
,,,W25 Ulanqab
,,,Salzburg CH
,,,Ramat Hasharon $10K
,,,Bordeaux CH
,,,Cincinnati Masters
,,,Hammamet $15K
,,,Ponta Delgada Azores $10K
,,,St. Petersburg
,,,Arad $10K
,,,Campinas $15K
,,,Cordenons $15K
,,,Nurnberg
,,,W15 Sharm El Sheikh
,,,Gdynia
,,,Estoril
,,,Atlanta
,,,Hammamet $10K
,,,W25 Santa Margherita Di Pula
,,,Cairo $15K
,,,Charlottesville VA $60K
,,,W15 Heraklion
,,,Obidos $25K
,,,Zhuhai $60K
,,,Marseille
,,,Rotterdam $10K
,,,W25 Reims
,,,Bagnatica $25K
,,,Chennai
,,,W25 Gwalior
,,,Fano CH
,,,W15 Monastir
,,,Stockton CH
,,,Hamburg
,,,Nonthaburi $25K
,,,Stillwater OK $25K
,,,Khimki $100K
,,,Las Palmas 2 CH
,,,Almaty $25K
,,,Sao Paulo $25K
,,,W15 Antalya
,,,Nis $15K
,,,Sharm El Sheikh $10K
,,,Toyota $50K
,,,Canberra CH
,,,W15 Prokuplje
,,,W25 Lisbon
,,,Antalya $15K
,,,Kaohsiung CH
,,,St. Petersburg
,,,Parnu $15K
,,,Baja $25K
,,,Waco TX $50K
,,,W80 Palm Harbor FL
,,,W15 Antalya
,,,W15 Nonthaburi
,,,W25 Lagos
,,,W15 Cairo
,,,W15 Tbilisi
,,,Columbus CH
,,,Astana CH
,,,W25 Nonthaburi
,,,Antalya $15K
,,,Caslano $15K
,,,Sharm El Sheikh $15K
,,,W25 Grenoble
,,,W25 Prerov
,,,Rotterdam
,,,W15 Tabarka
,,,Santa Margherita Di Pula $25K
,,,Austin TX $10K
,,,Cordenons 15K
,,,Cairo $15K
,,,Mamaia $25K
,,,Tallahassee CH
,,,Quito
,,,Brisbane $25K
,,,W15 Heraklion
,,,W60 Burnie
,,,Hammamet $15K
,,,Saint Gaudens $60K
,,,W15 Tacarigua
,,,W60 Torun
,,,Naiman $25K
,,,Caserta $25K
,,,Los Cabos
,,,W25 Platja D'Aro
,,,Colombo $15K
,,,Canberra $60K
,,,Irving CH
,,,W15 Tabarka
,,,Obidos $25K
,,,Redding CA $25K
,,,Moscow $25K
,,,Shymkent $15K
,,,Winnipeg $25K
,,,Mildura $25K
,,,Marseille
,,,W15 Heraklion
,,,Gatineau CH
,,,W25 Prerov
,,,Nishi Tama $15K
,,,W25 Stuttgart Vaihingen
,,,Pune CH
,,,Las Vegas CH
,,,W15 Yeongwol
,,,W15 New Delhi
,,,Braunschweig $25K
,,,Gyor $10K
,,,Sydney
,,,Sydney
,,,Hammamet $15K
,,,W25 Den Haag
,,,Newport
,,,Kitzbuhel
,,,Anning
,,,Sharm El Sheikh $15K
,,,Cordoba
,,,W25 Trnava
,,,W15 Sharm El Sheikh
,,,Antalya
,,,Antalya $15K
,,,Suzhou $60K
,,,W60 Burnie
,,,Chengdu CH
,,,New Haven
,,,Madrid $15K
,,,Antalya $15K
,,,Istanbul $25K
,,,Yokohama CH
,,,Shenzhen $60K
,,,Shymkent $15K
,,,Aschaffenburg $25K
,,,San Francisco CH
,,,Cologne 1
,,,W25 Braunschweig
,,,Altenkirchen $25K
,,,W15 Kazan
,,,Stellenbosch $10K
,,,Auckland
,,,W15 Sharm El Sheikh
,,,W25 Moscow
,,,Villa del Dique $10K
,,,Brisbane
,,,Naples FL $25K
,,,Marseille
,,,W15 Antalya
,,,Prague $10K
,,,Leipzig $25K
,,,W25 Caserta
,,,Noumea CH
,,,Manerbio CH
,,,Moscow $15K
,,,Baton Rouge LA $25K
,,,Guayaquil CH
,,,W15 Sharm El Sheikh
,,,Almaty $15K
,,,Torun $25K
,,,W15 Sozopol
,,,Nanao $25K
,,,Rabat
,,,Linz
,,,Mohammedia CH
,,,Shymkent $10K
,,,Yeongwol $15K
,,,Granby CH
,,,W15 Buenos Aires
,,,Bangkok CH
,,,Tel Aviv Ramat Gan $10K
,,,Bratislava CH
,,,Karuizawa $25K
,,,Antalya $15K
,,,Edgbaston $15K
,,,Heraklion $10K
,,,Munich
,,,Nur-Sultan CH
,,,Shrewsbury $25K
,,,Amarante $15K
,,,Jackson MS $25K
,,,Bogota CH
,,,Cherbourg CH
,,,W15 Sharm El Sheikh
,,,W25 Getxo
,,,Genova CH
,,,Scheveningen CH
,,,Navi Mumbai $25K
,,,Darmstadt $25K
,,,Nanchang
,,,W25 Marbella
,,,Campinas $25K
,,,Saint Brieuc CH
,,,Sharm El Sheikh $15K
,,,W25 Denain
,,,Cucuta $15K
,,,W15 Monastir
,,,Sharm El Sheikh $15K
,,,W15 Heraklion
,,,W25 Launceston
,,,Antalya $15K
,,,Cali $10K
,,,Tempe CH
,,,Sao Jose Do Rio Preto $10K
,,,Hammamet 15K
,,,Launceston $25K
,,,Fergana $25K
,,,Zawada Near Opole $25K
,,,W15 Monastir
,,,Moscow $15K
,,,Parnu $15K
,,,Bendigo $50K
,,,Hammamet $15K
,,,Warsaw $25K
,,,W100 Shenzhen
,,,Orlando FL $25K
,,,RibaRoja de Turia $15K
,,,Brescia CH
,,,Chengdu CH
,,,Valencia $25K
,,,Shymkent $10K
,,,Seoul
,,,Guangzhou
,,,W60 Kurume
,,,Ricany $15K
,,,Wanfercee Baulet $15K
,,,W100 Charleston SC
,,,Sumter SC $25K
,,,Luxembourg
,,,Santiago $25K
,,,W15 Heraklion
,,,W15 Cancun
,,,W25 Prague
,,,W25 Solarino
,,,Bastad
,,,Le Havre $15K
,,,Meerbusch CH
,,,W15 Monastir
,,,W25 St Etienne
,,,Furth CH
,,,Budapest $60K
,,,Marburg CH
,,,Blois CH
,,,Valladolid $10K
,,,W15 Sharm El Sheikh
,,,Bucharest $10K
,,,Rome $50K
,,,Taipei
,,,Bagnatica $25K
,,,Horb $25K
,,,Manama $15K
,,,Alkmaar $10K
,,,Antalya $15K
,,,Tokyo $25K
,,,Sopot CH
,,,Brno $10K
,,,Khimki $10K
,,,Cairo $15K
,,,W100 Suzhou
,,,W15 Sharm El Sheikh
,,,Aix-En-Provence CH
,,,Cairo $10K
,,,Sharm El Sheikh $10K
,,,Bastad $25K
,,,Tel Aviv $15K
,,,W15 Antalya
,,,Moscow $25K
,,,San Jose
,,,Budapest
,,,Santa Margherita Di Pula $25K
,,,W15 Saint Palais sur Mer
,,,W15 Antalya
,,,Singapore
,,,W25 Telavi
,,,Heraklion $15K
,,,Anning CH
,,,Toronto $60K
,,,W15 Tabarka
,,,W15 Monastir
,,,W80 Cagnes-sur-Mer
,,,W15 Monastir
,,,Braunschweig CH
,,,Padova $25K
,,,W25 Roehampton
,,,Barcelona $25K
,,,St. Petersburg
,,,Prokuplje $15K
,,,Binghamton CH
,,,Stellenbosch $15K
,,,Ostrava CH
,,,Galati $10K
,,,San Luis Potosi CH
,,,Yeongwol $10K
,,,Antalya $15K
,,,W25 Daegu
,,,Sharm El Sheikh $10K
,,,Florence SC $25K
,,,Dijon $15K
,,,Wesley Chapel FL $25K
,,,Antalya $15K
,,,W25 Mildura
,,,Dubai
,,,Brescia $50K
,,,W25 Singapore
,,,W15 Cairo
,,,Brussels $10K
,,,Rancho Santa Fe CA $25K
,,,Marburg CH
,,,Tampere CH
,,,Hammamet $10K
,,,Cairo 15K
,,,Halle
,,,Sharm El Sheikh $10K
,,,Tunis $50K
,,,Madrid $10K
,,,W60 Versmold
,,,Nanchang CH
,,,W25 Jackson MS
,,,Porto $10K
,,,Moscow $15K
,,,Sharm El Sheikh $15K
,,,Sharm El Sheikh $15K
,,,W15 Sharm El Sheikh
,,,Sibiu CH
,,,W15 Sharm El Sheikh
,,,Istanbul
,,,Castellon $10K
,,,Dubai $100K
,,,W15 Anning
,,,W15 Sharm El Sheikh
,,,Montemor O Novo $15K
,,,W25 Hengyang
,,,Hammamet $10K
,,,Jounieh $15K
,,,Kiryat Shmona $15K
,,,Milan CH
,,,Monastir $15K
,,,Brussels $15K
,,,W25 Almaty
,,,Antalya $10K
,,,Canberra CH
,,,W15 Shymkent
,,,Marseille $100K
,,,W15 Sajur
,,,Manchester CH
,,,W15 Monastir
,,,Lexington CH
,,,Nottingham $10K
,,,W25 Torino
,,,Lyon
,,,W25+H Irapuato
,,,W15 Monastir
,,,Obidos $25K
,,,W25 Koksijde
,,,W15 Knokke
,,,Sharm El Sheikh $10K
,,,W15 Monastir
,,,Strasbourg
,,,W15 Anning
,,,Madrid $15K
,,,Casablanca $10K
,,,W15 Antalya
,,,W15 Antalya
,,,St. Petersburg 1 CH
,,,W15 Antalya
,,,Hechingen $60K
,,,W15 Haabneeme
,,,W15 Warmbad-Villach
,,,W25 Canberra (Bendigo)
,,,Incheon $25K
,,,W25 Guayaquil
,,,Iasi CH
,,,Dubai
,,,Seoul
,,,Aptos CH
,,,Mragowo $15K
,,,De Haan $15K
,,,Knokke $15K
,,,Jonkoping CH
,,,W100 Charleston SC
,,,Oeiras $15K
,,,Auckland
,,,W15 Varberg
,,,W25 Evansville IN
,,,Antalya $15K
,,,Hua Hin $25K
,,,Sofia
,,,Buenos Aires $15K
,,,Monterrey
,,,W15 Cancun
,,,W15 Knokke
,,,Antalya $15K
,,,W15 Netanya
,,,W25 Trnava
,,,Antalya $10K
,,,Solarino $10K
,,,W80 Macon GA
,,,W80 Gifu
,,,W80 Nur Sultan
,,,Almaty CH
,,,Ortisei CH
,,,Figueira Da Foz $25K
,,,Panama City CH
,,,Sumter SC $25K
,,,W25 Podgorica
,,,W15 Cairo
,,,Anning $15K
,,,Bastad
,,,W15 Antalya
,,,W25 Fujairah
,,,Agadir $15K
,,,W15 Sharm El Sheikh
,,,Nules $10K
,,,Lexington
,,,W25 Petit-Bourg (Guadeloupe)
,,,Grand Baie La Croisette $10K
,,,Antalya $15K
,,,Fort Worth TX $25K
,,,Slovenska Lupca $10K
,,,Orlando FL $15K
,,,Villa Maria $10K
,,,Canberra CH
,,,Gonesse $10K
,,,Banja Luka CH
,,,La Bisbal $10K
,,,Stillwater OK $25K
,,,Hua Hin $15K
,,,Yeongwol $15K
,,,Lugano
,,,Split 1 CH
,,,Meerbusch CH
,,,W15 Monastir
,,,W60 Darwin
,,,Istanbul $25K
,,,Barcelona CH
,,,Chicago
,,,Savannah CH
,,,Fergana CH
,,,Seoul CH
,,,Trnava $15K
,,,Prague
,,,Wirral $15K
,,,W60 Liuzhou
,,,Bangkok CH
,,,Istanbul
,,,Sharm El Sheikh $15K
,,,Antalya $10K
,,,Grenoble $25K
,,,Kazan $10K
,,,Torun $25K
,,,Stockton CA $60K
,,,Tampere $10K
,,,W15 Pretoria
,,,Gimcheon $10K
,,,Little Rock CH
,,,Bukfurdo $25K
,,,Barcelona $60K
,,,W15 Monastir
,,,W25 Wuhan
,,,W15 Cairo
,,,Heraklion $15K
,,,Zhuhai $60K
,,,W25 Santa Margherita Di Pula
,,,Gstaad
,,,W15 Cairo
,,,W15 Monastir
,,,Rome 2 CH
,,,Istanbul $15K
,,,Adelaide
,,,Le Gosier CH
,,,Sassuolo $15K
,,,Buenos Aires
,,,Mestre CH
,,,Corroios Seixal $15K
,,,W60 Berkeley CA
,,,W60 Caldas da Rainha
,,,Antalya $10K
,,,Hammamet $15K
,,,Fergana $25K
,,,La Bisbal D'Emporda $25K
,,,Metz
,,,Albuquerque NM $80K
,,,Astana CH
,,,W15 Cantanhede
,,,Nur-Sultan CH
,,,Santa Margherita Di Pula $10K
,,,Antalya $15K
,,,Antalya $15K
,,,W15 Antalya
,,,Lima CH
,,,Rotterdam
,,,Maribor $10K
,,,W15 Bad Waltersdorf
,,,Gyor $25K
,,,Hamburg
,,,W25 Potchefstroom
,,,Cagnes Sur Mer $100K
,,,W15 Bucaramanga
,,,W15 Monastir
,,,Sharm El Sheikh $10K
,,,Hammamet $15K
,,,W15 Monastir
,,,Charleston SC $60K
,,,W15 Montemor O Novo
,,,W25 Chiasso
,,,Charlottesville VA $80K
,,,W15 Antalya
,,,W15 Antalya
,,,W15 Cancun
,,,W15 Pazardzhik
,,,Basel
,,,Cairo $15K
,,,W15 Gonesse
,,,Yokohama $25K
,,,W15 Manacor
,,,Hammamet $10K
,,,Shenzhen $100K
,,,W15 Tucepi
,,,W25 Solarino
,,,Gothenburg $15K
,,,Acapulco
,,,Acapulco
,,,W25 Brno
,,,Wirral $10K
,,,Sharm El Sheikh $15K
,,,Torun $25K
,,,Zagreb $60K
,,,W15 Shymkent
,,,Zhengzhou
,,,W15 Monastir
,,,Ankara $50K
,,,Koksijde $25K
,,,Petit Bourg Guadeloupe $10K
,,,Sion $10K
,,,Denain $25K
,,,Gwalior $15K
,,,Kaltenkirchen $15K
,,,W100 Bonita Springs FL
,,,W15 Antalya
,,,W15 Tampere
,,,Antalya $15K
,,,Gatineau $25K
,,,Sharm El Sheikh $15K
,,,Hua Hin
,,,Quimper 1 CH
,,,Santiago CH
,,,Don Benito Badajoz $10K
,,,Doha
,,,Hammamet $15K
,,,San Jose
,,,W25 Nonthaburi
,,,Chenzhou $25K
,,,Artvin $60K
,,,Granby $60K
,,,Acapulco
,,,Acapulco
,,,W25 Les Contamines-Montjoie
,,,Bradenton CH
,,,W15 Tabarka
,,,W25 Marbella
,,,Chisinau $10K
,,,Shrewsbury $10K
,,,Hua Hin $15K
,,,Manchester $100K
,,,Surprise AZ $25K
,,,Szekesfehervar $15K
,,,W25 Perth
,,,W15 Cairo
,,,Heraklion $15K
,,,Cherbourg CH
,,,Segovia CH
,,,Buenos Aires CH
,,,Cairo $15K
,,,Sharm El Sheikh $15K
,,,Bagnatica $25K
,,,Barcelona $25K
,,,Wesley Chapel FL $25K
,,,W15 Chornomorsk
,,,W25 Curitiba
,,,W25 Madrid
,,,Obidos $25K
,,,Aix En Provence CH
,,,W60 Las Vegas NV
,,,Antalya $10K
,,,Cucuta $10K
,,,Zhengzhou
,,,W15 Monastir
,,,W15 Heraklion
,,,Gimcheon CH
,,,Tunis CH
,,,W15 Cairo
,,,W60 Toronto
,,,Bastad $10K
,,,Medellin CH
,,,Andrezieux Boutheon $60K
,,,Budapest $100K
,,,Sharm El Sheikh $15K
,,,W15 Nairobi
,,,W25 Jonkoping
,,,W15 Heraklion
,,,W15 Jerusalem
,,,San Luis Potosi CH
,,,Loughborough CH
,,,W15 Cancun
,,,W25 Torino
,,,Montpellier $25K
,,,Barletta CH
,,,Bogota
,,,Lausanne
,,,Buenos Aires $10K
,,,Moscow $15K
,,,W25 Aschaffenburg
,,,Pereira $10K
,,,Cantanhede $15K
,,,W25 Braunschweig
,,,W15 Cancun
,,,W60 Launceston
,,,Heraklion $15K
,,,Wuhan $25K
,,,Aprilia $10K
,,,Trnava CH
,,,Marbella CH
,,,Fukuoka $60K
,,,Kofu $25K
,,,Vienna $15K
,,,W25 Santa Margherita Di Pula
,,,Ostrava CH
,,,Sangju $10K
,,,W15 Cancun
,,,Cuernavaca $25K
,,,Leon CH
,,,Tianjin
,,,Zhangjiagang CH
,,,Milovice $15K
,,,Tianjin
,,,W15 Budapest
,,,W25 Jodhpur
,,,W15 Sibenik
,,,Halle
,,,Geneva
,,,Tampere CH
,,,Acapulco
,,,Acapulco
,,,Basel
,,,W15+H Amiens
,,,Surprise AZ $25K
,,,Tbilisi $25K
,,,Don Benito Badajoz $15K
,,,Jounieh $15K
,,,Todi CH
,,,Nonthaburi $15K
,,,Tsukuba $25K
,,,Sozopol $10K
,,,W15 Monastir
,,,Antalya $15K
,,,W100 Szekesfehervar
,,,Vicenza CH
,,,Surbiton $100K
,,,Stuttgart Stammheim $15K
,,,W15 Heraklion
,,,Biella 3 CH
,,,Antalya $10K
,,,Canberra CH
,,,Monterrey
,,,Noumea CH
,,,W25 Tunis
,,,W15 Antalya
,,,Biella CH
,,,W60 Honolulu HI
,,,San Marino CH
,,,Anning $15K
,,,Antalya $10K
,,,Bucharest
,,,Dothan AL $60K
,,,Villa del Dique $15K
,,,Prague
,,,Shenzhen
,,,Sao Jose Do Rio Preto $10K
,,,Quito
,,,Solarino $15K
,,,W15 Antalya
,,,W15 Antalya
,,,Hammamet $10K
,,,Obidos $25K
,,,W25 Otocec
,,,W25 Arad
,,,W25 Horb
,,,Saint Malo $50K
,,,W25 Klosters
,,,Beijing
,,,Beijing 
,,,Rio de Janeiro
,,,Fukuoka $60K
,,,Columbus CH
,,,W15 Dijon
,,,W15 Monastir
,,,Tiberias $15K
,,,W15 Castellon
,,,W15 Hamilton
,,,Umag
,,,W15 Guayaquil
,,,Montpellier
,,,Rotterdam $15K
,,,W15 Monastir
,,,W25 Petit Bourg Guadeloupe
,,,Villa del Dique $15K
,,,W15 Monastir
,,,Atlanta
,,,Stockholm $15K
,,,W25 Nonthaburi
,,,Nanjing $10K
,,,Shenzhen $100K
,,,Frydek Mistek $15K
,,,Geneva
,,,W15 Anning
,,,Oldenzaal $10K
,,,Charleston SC $80K
,,,W15 Gimcheon
,,,Porto $15K
,,,Orleans CH
,,,Hodmezovasarhely $25K
,,,W15 Tabarka
,,,Perth $25K
,,,Santiago $25K
,,,Perugia CH
,,,Sharm El Sheikh $10K
,,,Valencia $25K
,,,Maribor $15K
,,,W15 Fort de France Martinique
,,,Kiryat Gat $10K
,,,Sharm El Sheikh $10K
,,,Hong Kong $25K
,,,Heilbronn CH
,,,Graz $10K
,,,Banja Luka $15K
,,,Hamamatsu $25K
,,,Hammamet $15K
,,,Shrewsbury $25K
,,,W100 Charleston SC
,,,Antwerp
,,,W60 Rome
,,,Alicante CH
,,,W25 Selva Gardena
,,,W15 Tabarka
,,,Strasbourg
,,,Rome $25K
,,,New York
,,,Antalya $15K
,,,Cortina CH
,,,Amstelveen $15K
,,,Rotterdam
,,,W15 Cairo
,,,W15 Bratislava
,,,Prostejov CH
,,,W60 Charlottesville VA
,,,Santo Domingo CH
,,,Woking $25K
,,,Bol
,,,W25 Trieste
,,,Bol $10K
,,,Orlando FL $25K
,,,W15 Cancun
,,,Hodmezovasarhely $25K
,,,Munich
,,,W25 Macon
,,,Eckental CH
,,,W25 Vero Beach FL
,,,Antalya $10K
,,,Tarragona $10K
,,,Guadalajara
,,,El Espinar Segovia $10K
,,,Taipei CH
,,,W60 Vitoria-Gasteiz
,,,Moscow
,,,Moscow
,,,Balatonboglar $25K
,,,W15 Antalya
,,,Gimcheon CH
,,,Amstelveen $15K
,,,W15 Otocec
,,,Jinan CH
,,,Lagos $25K
,,,Fairfield CH
,,,Delray Beach
,,,W25 Altenkirchen
,,,Chicago
,,,Busan CH
,,,Lousada $15K
,,,Traralgon CH
,,,Prague CH
,,,Vinkovci $10K
,,,Buenos Aires CH
,,,Sharm El Sheikh $10K
,,,La Marsa $25K
,,,Shanghai CH
,,,Bergamo $15K
,,,W15 Liepaja
,,,Meerbusch CH
,,,Hiroshima
,,,Fergana CH
,,,Santiago CH
,,,W25 Bhopal
,,,Belgrade 2
,,,Nonthaburi $25K
,,,Oeiras 1 CH
,,,Bogota $15K
,,,W25 Minsk
,,,Halle
,,,Oslo $15K
,,,Segovia CH
,,,Seoul
,,,W15 Trieste
,,,Imola $25K
,,,Biarritz $100K
,,,Santa Margherita Di Pula $25K
,,,Shenzhen $100K
,,,St. Petersburg
,,,Bol $10K
,,,Nanning $25K
,,,Antalya $15K
,,,Cairo $15K
,,,Obidos $15K
,,,Hobart
,,,Makinohara $25K
,,,Prague CH
,,,W15 Focsani
,,,W25 Orlando FL
,,,W15 Heraklion
,,,W15 Santa Margarita de Montbui
,,,Doha
,,,Sharm El Sheikh $10K
,,,Gimcheon $15K
,,,Nanao $25K
,,,Sharm El Sheikh $15K
,,,W25 Kazan
,,,Newport
,,,Palmanova Mallorca $15K
,,,Telde - L.P De Gran Canaria 15K
,,,Bol $10K
,,,Caserta $25K
,,,Puszczykowo $10K
,,,Vienna
,,,Hammamet $15K
,,,Naples FL $25K
,,,Telde $10K
,,,Batumi $15K
,,,W25 Rome
,,,W25 Singapore
,,,Anning
,,,Sofia $25K
,,,W60 Charleston SC
,,,Antalya $15K
,,,Almaty $25K
,,,Joue Les Tours $25K
,,,W15 Milovice
,,,Bol
,,,Barranquilla CH
,,,Sharm El Sheikh $15K
,,,Vancouver CH
,,,Heraklion $10K
,,,Sant Cugat $25K
,,,Nonthaburi $15K
,,,Perth $25K
,,,Le Havre $15K
,,,Sydney
,,,Sydney
,,,Gifu $80K
,,,Obidos $25K
,,,Antalya 2 CH
,,,Marseille $100K
,,,Warsaw $10K
,,,Izmir CH
,,,Lubbock TX $25K
,,,W25 Santa Margherita Di Pula
,,,Drummondville CH
,,,Oeiras $10K
,,,Le Gosier CH
,,,New York
,,,W60 Stare Splavy
,,,W15 Erwitte
,,,W25 Potchefstroom
,,,Brisbane $25K
,,,Prokuplje $10K
,,,W15 Tabarka
,,,Recanati CH
,,,Versmold $60K
,,,Winnipeg CH
,,,Adelaide
,,,Adelaide
,,,W60 Andrezieux-Boutheon
,,,Cordoba
,,,W15 Sharm El Sheikh
,,,W15 Olomouc
,,,Kitzbuhel
,,,Changwon $25K
,,,Antalya $10K
,,,Sharm El Sheikh $10K
,,,Hammamet $10K
,,,Hong Kong
,,,Santarem $15K
,,,W15 Port Pirie
,,,Lyon
,,,Madrid $10K
,,,Pune CH
,,,W25 Biella
,,,Oeiras 4 CH
,,,Irapuato $25K
,,,Sharm El Sheikh $15K
,,,Gwangju CH
,,,Indore $15K
,,,W15 Gonesse
,,,W15 Sandelfjord
,,,W15 Shymkent
,,,Nanchang CH
,,,Croissy Beaubourg $50K
,,,Moscow
,,,Moscow
,,,Punta Del Este CH
,,,W15 Tel Aviv
,,,Ilkley $50K
,,,Cagnes Sur Mer $100K
,,,Winnipeg CH
,,,Guadalajara CH
,,,Almaty $15K
,,,W15 Monastir
,,,Palmanova Mallorca $15K
,,,Solo $15K
,,,Stuttgart Vaihingen $25K
,,,W100 Trnava
,,,W15 Monastir
,,,W15 Monastir
,,,Queen's Club
,,,Monastir $15K
,,,W25 Andijan
,,,W15 Sibenik (MOVED from Tucepi)
,,,Tokyo $100K
,,,La Bisbal $25K
,,,W60 Kyoto
,,,Bratislava CH
,,,Trieste $15K
,,,Nottingham CH
,,,Zhuhai CH
,,,Oslo $10K
,,,W25 Grado
,,,Prague CH
,,,Mildura $25K
,,,San Severo $15K
,,,Mallorca
,,,Nottingham
,,,Santiago $15K
,,,Vinaros $15K
,,,Kuala Lumpur
,,,Wiesbaden $25K
,,,Charlottesville CH
,,,Charlottesville VA $50K
,,,Ilkley $100K
,,,Curtea de Arges $15K
,,,Castellon $15K
,,,Victoria BC $15K
,,,W15 Shymkent
,,,Hammamet $15K
,,,Columbus CH
,,,Kofu $25K
,,,Badenweiler 15K
,,,Vinaros $10K
,,,Winnetka CH
,,,Hilton Head Island SC $15K
,,,St. Petersburg
,,,W15 Andrezieux Boutheon
,,,Bastad $10K
,,,Heraklion $10K
,,,Sunderland $10K
,,,Estoril
,,,Heilbronn CH
,,,W25+H Figueira Da Foz
,,,Astana $25K
,,,Chiswick $25K
,,,Antalya $15K
,,,W15 Antalya
,,,Luan $60K
,,,Orlando FL $10K
,,,Ystad $25K
,,,Barletta CH
,,,Istanbul CH
,,,W15 Cancun
,,,W15 Tabarka
,,,W15 Sharm El Sheikh
,,,Tashkent
,,,Tunis $60K
,,,St. Petersburg
,,,W25+H Calvi
,,,Antalya $15K
,,,W25 Hong Kong
,,,Sozopol $15K
,,,Guangzhou
,,,Antalya $15K
,,,W25 Trnava
,,,Houston
,,,Daytona Beach FL $25K
,,,Belgrade 125K
,,,Westende $25K
,,,s Hertogenbosch
,,,s-Hertogenbosch
,,,W60 Landisville PA
,,,Antalya $15K
,,,W15 Monastir
,,,Almaty $15K
,,,W25 Taipei
,,,W25 Minsk
,,,Kitzbuhel
,,,Antalya $15K
,,,W60 San Bartolome de Tirajana (Gran Canaria)
,,,Warsaw $25K
,,,Castellon 15K
,,,W15 Antalya
,,,Ismaning $10K
,,,Los Cabos
,,,Hammamet $15K
,,,Hua Hin $25K
,,,Shymkent $15K
,,,Penrith $25K
,,,Woking $25K
,,,Arad $15K
,,,Ostrava
,,,W15 Bratislava
,,,Hammamet $10K
,,,Shymkent $15K
,,,Biella 6 CH
,,,Izmir CH
,,,Sozopol $15K
,,,Banja Luka CH
,,,W25 Nonthaburi
,,,Cairo $10K
,,,Petit Bourg Guadeloupe $15K
,,,W15 Cairo
,,,Canberra $25K
,,,Hua Hin $15K
,,,W25 Incheon
,,,Andrezieux Boutheon $50K
,,,Telavi $25K
,,,Istanbul $15K
,,,W15 Monastir
,,,Hamburg
,,,Montpellier
,,,W25 Pune
,,,Hammamet $10K
,,,Kofu $25K
,,,Gwangju CH
,,,Madrid $25K
,,,Santa Margherita Di Pula $25K
,,,Lisbon $25K
,,,Indian Harbour Beach FL $75K
,,,W15 Sharm El Sheikh
,,,Dubai
,,,Fort Worth TX $25K
,,,Bangkok CH
,,,W15 Antalya
,,,Colombo $15K
,,,Santa Margherita Di Pula $25K
,,,Solapur $25K
,,,W25 Minsk
,,,Lugano CH
,,,Chiswick $25K
,,,Chengdu
,,,W15 Monastir
,,,Cary CH
,,,Wuhan $25K
,,,Scheveningen CH
,,,W15 Moscow
,,,Moscow $25K
,,,Sharm El Sheikh $15K
,,,Shymkent $15K
,,,Busan CH
,,,Santa Margherita Di Pula $25K
,,,Guayaquil $15K
,,,Salinas 1 CH
,,,Oldenzaal $15K
,,,Seoul
,,,Prague $80K
,,,Binghamton CH
,,,Hua Hin $10K
,,,W15 Madrid
,,,Kobe CH
,,,Stellenbosch $15K
,,,Jackson MS $25K
,,,Essen $50K
,,,Saguenay $50K
,,,Santa Margherita Di Pula $25K
,,,W15 Antalya
,,,Qujing $25K
,,,W15 Cancun
,,,Karshi $25K
,,,New Delhi $25K
,,,Ningbo CH
,,,Bucha $10K
,,,Goyang $25K
,,,W60 Playford
,,,Charleston SC $10K
,,,Jakarta $10K
,,,W15 Williamsburg VA
,,,W25 Kashiwa
,,,Rio De Janeiro
,,,Obidos $25K
,,,Lambare $15K
,,,Launceston CH
,,,W25 Tarvisio
,,,W25 Oldenzaal
,,,Obidos $15K
,,,Cairo $15K
,,,W15 Banja Luka
,,,W80 Tyler TX
,,,Newport
,,,St. Petersburg 2 CH
,,,W25 Osaka
,,,Heraklion $15K
,,,W15 Nanchang
,,,W25 Obidos
,,,W25 Prague
,,,Monterrey
,,,Monastir $15K
,,,W25 Denver CO
,,,W25 Tianjin
,,,W15 Carson CA
,,,Taipei
,,,W25 Malibu CA
,,,W25 Corroios Seixal
,,,W25 Hong Kong
,,,Badenweiler $15K
,,,Wanfercee Baulet $15K
,,,Hammamet $15K
,,,W15 Antalya
,,,Chiasso $25K
,,,Jackson MS $25K
,,,Gyor $15K
,,,Antalya $15K
,,,Hong Kong 15K
,,,Hammamet $15K
,,,Albuquerque NM $75K
,,,Heilbronn CH
,,,Hua Hin $10K
,,,Burnie $60K
,,,W15 Cancun
,,,W15 Orlando FL
,,,Hammamet $15K
,,,Baku $10K
,,,W15 Antalya
,,,W15 Tabarka
,,,Birmingham
,,,W25 Gatineau
,,,W60 Barcelona
,,,Caltanissetta CH
,,,Balatonboglar $25K
,,,W15 Sharm El Sheikh
,,,Ortisei $10K
,,,Hammamet $15K
,,,Perugia CH
,,,Indian Wells CH
,,,Antalya
,,,Noto $25K
,,,Bucharest
,,,Hobart
,,,Hammamet $15K
,,,W15 Antalya
,,,Astana CH
,,,Hong Kong $15K
,,,W15 Tabarka
,,,Monterrey
,,,Sharm El Sheikh $10K
,,,Kurume $60K
,,,Potchefstroom 2 CH
,,,Clermont Ferrand $25K
,,,W80 Poitiers
,,,Chornomorsk $15K
,,,Midland MI $100K
,,,Queen's Club
,,,Altenkirchen $25K
,,,Leon $10K
,,,Monterrey
,,,Minsk $25K
,,,Charlottesville CH
,,,Winnetka CH
,,,W15 Parnu
,,,W15 Antalya
,,,Cairo $15K
,,,Denain $25K
,,,Targu Jiu $10K
,,,Porto CH
,,,Poznan CH
,,,Scheveningen CH
,,,Sydney
,,,Sydney
,,,Hong Kong $25K
,,,Eckental CH
,,,Hamburg
,,,Iasi CH
,,,Ismaning CH
,,,Saint Malo $60K
,,,Knoxville CH
,,,Delray Beach
,,,Bratislava CH
,,,Liuzhou $60K
,,,Prerov $10K
,,,Shymkent $15K
,,,Lund $25K
,,,Vancouver BC $100K
,,,W25 Perigueux
,,,W15 Banja Luka
,,,Zadar CH
,,,Taipei
,,,W60 Stare Splavy
,,,W60 Luan
,,,W25 Dubai
,,,Rome $60K
,,,W15 Cairo
,,,Mragowo $15K
,,,W15 Shymkent
,,,Bastad
,,,Ilkley CH
,,,Padova $25K
,,,Bastad
,,,Suzhou $50K
,,,Bucha $15K
,,,Makinohara $25K
,,,Minsk $15K
,,,Sharm El Sheikh $10K
,,,Kashiwa $25K
,,,W60 Changsha
,,,Bethany Beach DE $10K
,,,W25 Tarvisio
,,,Hammamet $15K
,,,Poznan CH
,,,Vancouver CH
,,,Basel
,,,Perugia CH
,,,Moscow $15K
,,,W15 Lawrence KS
,,,Nonthaburi $25K
,,,San Benedetto Del Tronto CH
,,,Prague $15K
,,,Antalya $15K
,,,Tampere 15K
,,,W15 Platja D'Aro
,,,Buffalo NY $10K
,,,Heraklion $15K
,,,Nishi Tama $15K
,,,Saint Gaudens $50K
,,,Tacarigua $15K
,,,Alphen aan den Rijn CH
,,,Andria CH
,,,Delray Beach
,,,Solarino $15K
,,,W15 Sharm El Sheikh
,,,Heraklion $15K
,,,Tarvisio $15K
,,,W15 Manacor
,,,Tarvisio $10K
,,,Klosters $25K
,,,Sao Paulo
,,,W25 Dallas TX
,,,W60 Cairo
,,,Petange $15K
,,,Templeton CA $60K
,,,W15 Monastir
,,,Antalya $15K
,,,Stellenbosch $15K
,,,Indian Harbour Beach FL $60K
,,,Rabat
,,,W100 Manchester
,,,W80 Cagnes Sur Mer
,,,Sao Jose Dos Campos $10K
,,,Ashkelon $15K
,,,Buenos Aires
,,,W25 Claremont CA
,,,Kyoto $10K
,,,Budapest CH
,,,Vienna $10K
,,,St Petersburg
,,,W15 Moscow
,,,Akko $15K
,,,W15 Tabarka
,,,W15 Monastir
,,,Bucharest
,,,Leipzig $25K
,,,Bogota
,,,Lyon
,,,Fergana CH
,,,Cary CH
,,,Shenzhen
,,,Marbella CH
,,,W15 Monastir
,,,Guadalajara CH
,,,W15 Monastir
,,,Hammamet $10K
,,,Toyota $60K
,,,W25 Calvi
,,,Sharm El Sheikh $10K
,,,Toyota CH
,,,Macon GA $80K
,,,Perugia CH
,,,Monastir $15K
,,,Sarasota CH
,,,Granby CH
,,,Moscow
,,,Bad Homburg
,,,W15 Cordenons
,,,Sezze $15K
,,,Lubbock TX $25K
,,,Istanbul
,,,Lille CH
,,,Ho Chi Minh CH
,,,Imola $25K
,,,Sajur $15K
,,,Antalya $15K
,,,Charleston SC $25K
,,,Wanfercee Baulet $10K
,,,Budapest
,,,W25 Tsukuba
,,,W15 Monastir
,,,Anning $15K
,,,Delray Beach
,,,Hua Hin $25K
,,,Istanbul CH
,,,Sharm El Sheikh $10K
,,,Brescia $60K
,,,RibaRoja de Turia $25K
,,,Strasbourg
,,,Nice
,,,Rebecq $10K
,,,Washington
,,,Washington
,,,W15 Cairo
,,,Berkeley CA $60K
,,,Heraklion $10K
,,,Milovice $15K
,,,Santa Margherita Di Pula $25K
,,,Bauru $10K
,,,Alphen Aan Den Rijn CH
,,,Antalya $15K
,,,Glasgow CH
,,,Munich
,,,W15 Gothenburg
,,,Tampere $15K
,,,W15 Antalya
,,,Biella 5 CH
,,,Shenzhen CH
,,,Antalya $15K
,,,W25 Santo Domingo
,,,Canberra $25K
,,,Stockholm
,,,W15 Monastir
,,,Anning $15K
,,,Cairo $15K
,,,W15 Ortisei
,,,Toowoomba $25K
,,,Szekesfehervar $15K
,,,Galati $10K
,,,Sunderland $15K
,,,Antalya $15K
,,,Birmingham
,,,W15 Monastir
,,,Yuxi $25K
,,,W25 Santa Margherita Di Pula
,,,Guayaquil CH
,,,San Antonio
,,,W25 Nishi Tama
,,,Dublin $15K
,,,Dunakeszi $25K
,,,W15 Antalya
,,,Lagos $25K
,,,Saint Martin Guadeloupe $15K
,,,Hammamet $15K
,,,Sharm El Sheikh $15K
,,,Pune
,,,Bastad CH
,,,Shymkent $15K
,,,Ashland KY $60K
,,,Monastir $15K
,,,Montpellier $25K
,,,W15 Kaltenkirchen
,,,Bogota
,,,Antalya $10K
,,,Hammamet $15K
,,,W15 Heraklion
,,,Knokke $10K
,,,Antalya $10K
,,,Getxo $10K
,,,Stuttgart
,,,Heraklion $10K
,,,Sharm El Sheikh $10K
,,,Navi Mumbai 25K
,,,Podgorica $25K
,,,W25 Leipzig
,,,Braunschweig CH
,,,W25 Bytom
,,,Antalya $10K
,,,Hammamet $15K
,,,Lexington CH
,,,Santa Margherita Di Pula $25K
,,,Forli CH
,,,W80 Dothan AL
,,,Campinas $15K
,,,Antalya $15K
,,,W25 Glasgow
,,,Baton Rouge LA $25K
,,,Montreux $25K
,,,W15 Heraklion
,,,Sofia
,,,Astana $10K
,,,Dalian
,,,Kobe CH
,,,Prokuplje $10K
,,,Manacor Mallorca $15K
,,,Zhangjiagang CH
,,,W25 Figueira Da Foz
,,,W25+H Figueira Da Foz
,,,Hammamet $10K
,,,Winnipeg $25K
,,,W25 Redding CA
,,,Djibouti $15K
,,,Osprey FL $25K
,,,W15 Le Havre
,,,Kenitra CH
,,,W25 Kyoto
,,,Casablanca $10K
,,,Perth $25K
,,,Macon GA $80K
,,,Las Vegas NV $60K
,,,Chengdu
,,,W15 Shymkent
,,,Las Palmas de Gran Canaria $15K
,,,Launceston CH
,,,Nis $15K
,,,Ortisei CH
,,,W25 Montemor-O-Novo
,,,Strasbourg
,,,W25 Manacor
,,,Mamaia $25K
,,,Olomouc $80K
,,,Bastad CH
,,,W15 Cancun
,,,Heraklion $15K
,,,W25 Fergana
,,,W25 Solapur
,,,Chicago 125
,,,Qujing $25K
,,,W25 Waco TX
,,,W25 Tarvisio
,,,W25 Hua Hin
,,,Hodmezovasarhely $60K
,,,Heraklion $15K
,,,W25 Altenkirchen
,,,W15 Monastir
,,,Nanjing $15K
,,,W15 Oeiras
,,,Orlando 2 CH
,,,Buca Izmir $10K
,,,Perth $25K
,,,Arad $15K
,,,Banja Luka CH
,,,Rio de Janeiro
,,,W25 Prague
,,,Hammamet $10K
,,,Lahaina CH
,,,Wiesbaden $25K
,,,W15 Bucharest
,,,Las Palmas de Gran Canaria $10K
,,,Targu Jiu $10K
,,,L'Aquila CH
,,,Sofia
,,,Biella 2 CH
,,,Hua Hin $25K
,,,Tucepi $15K
,,,Barletta CH
,,,Hammamet $15K
,,,W15 Sharm El Sheikh
,,,W25 Santa Margherita Di Pula
,,,W60 Hechingen
,,,Champaign CH
,,,Grado $25K
,,,Sacramento CA $50K
,,,Antalya $15K
,,,W25 Grodzisk Mazowiecki
,,,W15 Monastir
,,,Tel Aviv Ramat Gan $10K
,,,Happy Valley CH
,,,W60 Ashland KY
,,,W60 Andrezieux-Boutheon
,,,Perth $25K
,,,Nottingham
,,,W15 Sharm El Sheikh
,,,W15 Monastir
,,,W15 Manacor
,,,W25 Ourense
,,,W25 Obidos
,,,Karlsruhe
,,,W25 Kofu
,,,W15 Monastir
,,,Victoria BC $10K
,,,W15 Melilla
,,,Doha
,,,Monastir $15K
,,,Tianjin
,,,W15 Cancun
,,,Weston FL $10K
,,,Stockholm $15K
,,,W15 Sharm El Sheikh
,,,W15 Lima
,,,Nonthaburi $15K
,,,Lexington KY $60K
,,,Vicenza CH
,,,W100+H Dubai
,,,Birmingham
,,,Solarino $10K
,,,Le Havre $10K
,,,W15 Lima
,,,Los Cabos
,,,Hammamet $15K
,,,W25 Singapore
,,,Shymkent $10K
,,,Sao Paulo CH
,,,Stare Splavy $25K
,,,Cairo $15K
,,,Sao Paulo
,,,Dakar $25K
,,,Guangzhou
,,,Redding CA $25K
,,,Engis $10K
,,,Cordenons CH
,,,W25 Huangshan
,,,W25 Hong Kong
,,,W15 Heraklion
,,,W60 Templeton CA
,,,Sharm El Sheikh $10K
,,,Macon $15K
,,,Todi CH
,,,Biella 7 CH
,,,Changwon $25K
,,,Essen $25K
,,,Bastad $25K
,,,Dallas CH
,,,Changsha $25K
,,,Eastbourne $50K
,,,W60 Bendigo
,,,Clare $25K
,,,W15 Lousada
,,,Pelham AL $25K
,,,Guiyang $25K
,,,Sardinia
,,,Bergamo CH
,,,New York
,,,Hammamet $10K
,,,Lahaina CH
,,,Lyon
,,,Shenzhen $50K
,,,Buenos Aires $15K
,,,Sharm El Sheikh $15K
,,,Tokyo 
,,,Hammamet 15K
,,,Schio $15K
,,,Heraklion $15K
,,,Mexico City CH
,,,Buenos Aires CH
,,,Sharm El Sheikh $15K
,,,Stuttgart
,,,Namangan $25K
,,,Petange $25K
,,,W15 Nairobi
,,,Trieste $15K
,,,Amersfoort CH
,,,Amstelveen $10K
,,,Casablanca $10K
,,,Antalya $15K
,,,Saguenay $60K
,,,Seville $25K
,,,W15 Norman OK
,,,Las Palmas de Gran Canaria $25K
,,,Sharm El Sheikh $15K
,,,Mumbai
,,,W15 Moscow
,,,Prague $80K
,,,Orlando CH
,,,Antalya $10K
,,,Toronto $60K
,,,Hong Kong
,,,W15 Cancun
,,,Hammamet $15K
,,,W25 Obidos
,,,W15 Tbilisi
,,,Surbiton CH
,,,Guadalajara CH
,,,Mestre CH
,,,Luxembourg
,,,Auckland
,,,Don Benito Badajoz $15K
,,,Antalya $10K
,,,New Delhi CH
,,,Sion $15K
,,,Baja $15K
,,,W25 Bagnatica
,,,Oeiras 3 CH
,,,Torino $25K
,,,Auckland
,,,Rome CH
,,,Indian Wells 125K
,,,Solarino $10K
,,,Bangkok CH
,,,Stellenbosch $15K
,,,Memphis
,,,Banja Luka $15K
,,,Vienna
,,,Lisbon $10K
,,,Santa Margherita Di Pula $15K
,,,Colina $60K
,,,W15 Antalya
,,,Bogota CH
,,,Guaruja $25K
,,,Pune $25K
,,,Surbiton CH
,,,Yuxi $25K
,,,Antalya $15K
,,,Santa Margherita Di Pula $25K
,,,Quebec City
,,,Queen's Club
,,,Doha
,,,Moscow
,,,Moscow
,,,W25 Monzon
,,,Tokyo
,,,Hammamet $10K
,,,W25 Newport Beach CA
,,,Calgary  CH
,,,Singapore $25K
,,,W15 Tabarka
,,,Santiago
,,,W15 Ramat Hasharon
,,,Victoria BC $15K
,,,W15 Cancun
,,,W25 Perth
,,,W15 Prokuplje
,,,W15 Sharm El Sheikh
,,,W25 St Poelten
,,,Hammamet $10K
,,,Perth $25K
,,,Sozopol $10K
,,,Hammamet $15K
,,,Estoril
,,,Nishi Tama $10K
,,,Istanbul $15K
,,,Mouilleron-Le-Captif CH
,,,Ystad $25K
,,,W15 Tabarka
,,,Changwon $25K
,,,W15 Tabarka
,,,Antalya $15K
,,,Toyota CH
,,,Antalya $15K
,,,Newport
,,,Palic $10K
,,,W25 Istanbul
,,,Karuizawa $25K
,,,Santa Tecla $15K
,,,Palermo
,,,Incheon $25K
,,,Naiman $25K
,,,Perigueux $25K
,,,W15 Heraklion
,,,W25 Potchefstroom
,,,Hammamet $10K
,,,Dubai
,,,W15 Hua Hin
,,,Gimcheon $10K
,,,Umag
,,,Taipei
,,,W25 Rancho Santa Fe CA
,,,Santo Domingo CH
,,,Florianopolis
,,,Sharm El Sheikh $15K
,,,Naples FL $25K
,,,W80 Tyler TX
,,,W15 Bratislava
,,,Lins $10K
,,,W25 Santa Margherita Di Pula
,,,Poertschach $10K
,,,Poitiers $100K
,,,Yokohama $25K
,,,Hechingen $60K
,,,Middelkerke $15K
,,,Kashiwa $25K
,,,W15 Heraklion
,,,Seoul CH
,,,Monastir $15K
,,,Tyler TX $80K
,,,Heraklion $15K
,,,Antalya $15K
,,,W60 Concord MA
,,,W60 Grodzisk Mazowiecki
,,,Mragowo $15K
,,,Noumea CH
,,,Nur-Sultan 1 CH
,,,Nanjing $15K
,,,Hammamet $15K
,,,Cuernavaca CH
,,,Monastir 15K
,,,Charleston 2
,,,Tiburon CH
,,,Cleveland CH
,,,Caserta $25K
,,,W100 Ilkley
,,,W25 Sumter SC
,,,Rotterdam
,,,Las Vegas CH
,,,Trnava $100K
,,,W15 Naples FL
,,,W25 Porto
,,,Braunschweig CH
,,,Prerov $15K
,,,Atp Cup
,,,Heraklion $10K
,,,Santa Margherita Di Pula $10K
,,,Biarritz $80K
,,,Sharm El Sheikh $10K
,,,Guimaraes $15K
,,,Ramat Hasharon $15K
,,,W100 Surbiton
,,,W25 Montemor-O-Novo
,,,Antalya $15K
,,,W60 Nantes
,,,W80 Charlottesville VA
,,,Cordenons CH
,,,Granby $50K
,,,Gifu $80K
,,,Hua Hin $15K
,,,W15 Parnu
,,,Brisbane $25K
,,,Ashkelon $10K
,,,Sofia
,,,Caltanissetta CH
,,,W25 Vienna
,,,W15 Cairo
,,,Monastir $15K
,,,Antalya
,,,Fort de France Martinique $15K
,,,W25 Luzhou
,,,Drummondville CH
,,,Mexico City $15K
,,,W15 Alkmaar
,,,W25 Petange
,,,Lisbon CH
,,,W25 Nanning
,,,W15 Buenos Aires
,,,W15 Cairo
,,,W25 Bolton
,,,Minsk $15K
,,,Oeiras 2 CH
,,,Budapest
,,,W15 Sharm El Sheikh
,,,W25 Pune
,,,W25 Yokohama
,,,Antalya $15K
,,,Marrakech
,,,Quimper 2 CH
,,,Rome CH
,,,Toronto $50K
,,,Tunis $25K
,,,Todi CH
,,,Sharm El Sheikh $10K
,,,W15 Santa Cruz de la Sierra
,,,W15 Xiamen
,,,Turino CH
,,,Karshi CH
,,,W25 Padova
,,,Osaka
,,,Stellenbosch $10K
,,,Campinas CH
,,,Loughborough $25K
,,,Sibiu CH
,,,Versmold $50K
,,,Stanford
,,,W15 Tacarigua
,,,W15 Heraklion
,,,W15 Lubbock TX
,,,Antalya $10K
,,,Sao Paulo $25K
,,,Moscow $25K
,,,Tallahassee CH
,,,Cologne 2
,,,Tashkent CH
,,,Liberec CH
,,,Sharm El Sheikh $15K
,,,Surbiton $100K
,,,W15 Shymkent
,,,W15 Amarante
,,,W15 Porto
,,,Casablanca $15K
,,,Monastir $15K
,,,W15 Tabarka
,,,Stockholm $10K
,,,Hammamet $15K
,,,Winnipeg $25K
,,,Monzon $25K
,,,W25 Palmela
,,,Stuttgart
,,,Solarino $15K
,,,Grenoble $25K
,,,Pune $25K
,,,Sharm El Sheikh $15K
,,,W25 Essen
,,,Maribor $10K
,,,Bangkok  CH
,,,Las Vegas NV $50K
,,,Ningbo CH
,,,W15 Arcadia CA
,,,Tokyo
,,,Sassuolo $10K
,,,Santiago CH
,,,Trieste $10K
,,,Poprad Tatry CH
,,,W15 Hua Hin
,,,Cairo $10K
,,,Croissy Beaubourg $60K
,,,Curitiba $25K
,,,W15 Monastir
,,,Tianjin $25K
,,,W25 Palma del Rio
,,,W15 Stuttgart-Stammheim
,,,Campos Do Jordao $15K
,,,W15 Heraklion
,,,Lambare $15K
,,,San Benedetto Del Tronto CH
,,,Meknes CH
,,,Estoril
,,,W15 Cancun
,,,Doha
,,,Metz
,,,Melilla $15K
,,,Sharm El Sheikh $15K
,,,Schoonhoven $10K
,,,Wuhan $50K
,,,Hua Hin $15K
,,,W25 Madrid
,,,Bucharest $15K
,,,W15 Batumi
,,,W15 Sharm El Sheikh
,,,Cordenons CH
,,,W15 Telavi
,,,W100 Nicholasville KY
,,,Poitiers $100K
,,,Koblenz CH
,,,Newport Beach CH
,,,Oeiras $15K
,,,W15 Manacor
,,,Nanchang
,,,Binghamton CH
,,,W15 Cancun
,,,Japan Open Tokyo
,,,Atlanta
,,,Quito
,,,Hammamet $15K
,,,Hua Hin $25K
,,,Vicenza CH
,,,Brno 15K
,,,Karshi $25K
,,,W15 Monastir
,,,Manchester $100K
,,,Asuncion $15K
,,,W60 Montreux
,,,Trnava $100K
,,,Istanbul
,,,W25 Cairo
,,,Antalya 15K
,,,Kazan $15K
,,,Toyota $25K
,,,Leon CH
,,,Bordeaux CH
,,,Limoges
,,,W15 Ortisei
,,,Birmingham
,,,W25 Poitiers
,,,Oslo $25K
,,,Palmanova Mallorca $15K
,,,W15 Cancun
,,,W15 Heraklion
,,,Equeurdreville $25K
,,,W25 Canberra
,,,Sharm El Sheikh $15K
,,,Ostrava CH
,,,Auckland
,,,Lenzerheide $25K
,,,Aschaffenburg $25K
,,,W25 Prague
,,,Champaign CH
,,,W15 Cairo
,,,Antalya $10K
,,,Vancouver BC $100K
,,,W15 Antalya
,,,Antalya $10K
,,,Irving CH
,,,Naples FL $25K
,,,Nottingham CH
,,,Heraklion $10K
,,,Nonthaburi $15K
,,,Hamamatsu $25K
,,,Hammamet $10K
,,,Herzlia $15K
,,,Obidos $25K
,,,W25 Nur-Sultan
,,,W15 Santiago
,,,s Hertogenbosch
,,,'s Hertogenbosch
,,,W15 Antalya
,,,Doha
,,,Gwangju CH
,,,Szczecin CH
,,,Saint Petersburg $100K
,,,Koksijde $25K
,,,W15 Antalya
,,,Hammamet $15K
,,,Kazan $15K
,,,Queen's Club
,,,W15 Antalya
,,,W15 Monastir
,,,W15 Vilnius
,,,Kharkiv $10K
,,,Minsk $25K
,,,Poznan CH
,,,Aschaffenburg $25K
,,,Colombo $15K
,,,W25 Chiswick
,,,Baotou $60K
,,,Kiev $15K
,,,Kaohsiung CH
,,,Hammamet $15K
,,,Lenzerheide $25K
,,,W15 Schio
,,,W25 Cordoba
,,,Antalya $10K
,,,Chiasso $25K
,,,W15 Cancun
,,,Eastbourne
,,,W25 Vitoria Gasteiz
,,,Lubbock TX $25K
,,,Tiburon CH
,,,Wirral $15K
,,,W25 Perigueux
,,,Sharm El Sheikh $10K
,,,Burnie $60K
,,,W15 Buenos Aires
,,,Charleston 125K
,,,Sezze $10K
,,,Sharm El Sheikh $10K
,,,Telavi $15K
,,,Monastir $15K
,,,W60 Croissy Beaubourg
,,,W15 Cairo
,,,Anning CH
,,,Brussels $15K
,,,Helsinki $15K
,,,Shenzhen $60K
,,,Andijan $25K
,,,Baja $25K
,,,W15 Monastir
,,,Morelos CH
,,,Antalya $15K
,,,Aurangabad $15K
,,,W25 Clermont Ferrand
,,,W25 Buenos Aires
,,,W25 Obidos
,,,Orleans CH
,,,Pune $25K
,,,W25 Hong Kong
,,,Bastad
,,,Hobart
,,,W15 Oldenzaal
,,,Szczecin CH
,,,Antwerp
,,,Mumbai
,,,W15 Monastir
,,,Canberra $50K
,,,Fort de France Martinique $15K
,,,W15 Heraklion
,,,Buenos Aires $15K
,,,Marseille
,,,Prokuplje $15K
,,,Antalya $10K
,,,Kyoto $15K
,,,Manta $15K
,,,Hiroshima
,,,Basel
,,,Brisbane
,,,Brisbane
,,,Happy Valley CH
,,,Lexington KY $60K
,,,Campinas CH
,,,Prokuplje $15K
,,,Wroclaw CH
,,,Hammamet $15K
,,,Nantes $25K
,,,Braga CH
,,,Sassuolo $15K
,,,Villa del Dique $15K
,,,W25 Trnava
,,,Portoroz CH
,,,W60 Asuncion
,,,Berlin
,,,Villa del Dique $15K
,,,Panama City CH
,,,Taipei
,,,Sharm El Sheikh $15K
,,,Surprise AZ $25K
,,,W25 Olomouc
,,,Gstaad
,,,Cortina CH
,,,St. Petersburg
,,,Hammamet $15K
,,,Tampa FL $15K
,,,W25 Nanao
,,,Quebec City
,,,W25 Hamamatsu
,,,Cuneo $15K
,,,W60 Szekesfehervar
,,,Hammamet $15K
,,,Chennai CH
,,,W25 Campinas
,,,W15 Tabarka
,,,Zawada Near Opole $25K
,,,Lisbon $15K
,,,Surbiton CH
,,,W25 Baja
,,,W15 Cairo
,,,Stuttgart Stammheim $10K
,,,Alkmaar $15K
,,,Shymkent $15K
,,,Istanbul CH
,,,Tampere CH
,,,Tashkent CH
,,,La Marsa $25K
,,,Hammamet $10K
,,,Leon CH
,,,W15 Cancun
,,,W15 Cairo
,,,W60 Biarritz
,,,Olomouc $50K
,,,W15 Antalya
,,,Los Cabos
,,,Poitiers $80K
,,,W15 Tabarka
,,,W15 Monastir
,,,Sharm El Sheikh $10K
,,,W25 Naples FL
,,,Graz $15K
,,,Tucepi $15K
,,,Kaposvar $15K
,,,W15 Shymkent
,,,Dubai
,,,Belgrade CH
,,,Kitzbuhel
,,,St.Brieuc CH
,,,Jinan $60K
,,,Atlanta GA $50K
,,,W60 Warsaw
,,,Antalya $10K
,,,Nules $15K
,,,W15 Antalya
,,,W15 Monastir
,,,Liuzhou $50K
,,,Tsukuba $25K
,,,Karuizawa $25K
,,,Kyoto CH
,,,Salinas 2 CH
,,,Cordenons $10K
,,,Champaign CH
,,,Poprad-Tatry CH
,,,W25 El Espinar Segovia
,,,W25 Sao Paulo
,,,Lyon CH
,,,Florence  CH
,,,Quanzhou $60K
,,,Hamburg
,,,Vrnjacka Banja $15K
,,,Poznan CH
,,,Cordenons CH
,,,Dothan AL $50K
,,,Kofu $25K
,,,Madrid $10K
,,,Doha
,,,Sharm El Sheikh $10K
,,,W15 Sharm El Sheikh
,,,Wroclaw CH
,,,Monastir $15K
,,,Dobrich $25K
,,,Santa Margherita Di Pula $10K
,,,W15 Cancun
,,,Rabat $10K
,,,Luxembourg
,,,Suzhou $100K
,,,W15 Antalya
,,,Koksijde $25K
,,,Cairo $15K
,,,Khimki $25K
,,,Anning $10K
,,,Anning $10K
,,,Altenkirchen $25K
,,,Midland MI $100K
,,,Cherbourg CH
,,,Houston
,,,Namangan $25K
,,,W25 Santa Margherita Di Pula
,,,Saint Gaudens $60K
,,,Kyoto CH
,,,Lagos $25K
,,,Bangkok CH
,,,Schio $10K
,,,Jablonec nad Nisou $15K
,,,Prague
,,,Hammamet $10K
,,,Lyon CH
,,,Marrakech
,,,Hamburg
,,,Ceuta $15K
,,,W15 Bogota
,,,W25 Hua Hin
,,,Bursa $60K
,,,W15 Shymkent
,,,W25 Ystad
,,,W15 Lousada
,,,Helsingborg $25K
,,,Umag
,,,Granby CH
,,,Biella CH
,,,W15 Funchal
,,,Rome $60K
,,,Setubal $25K
,,,W15 Vejle
,,,Padova CH
,,,Bucharest
,,,W15+H Amiens
,,,Makinohara $25K
,,,Bol
,,,Chengdu CH
,,,W25 Kiryat Shmona
,,,Eckental CH
,,,Santa Margherita Di Pula $10K
,,,Manacor Mallorca $15K
,,,Santiago CH
,,,Szczecin CH
,,,Antalya $15K
,,,Gstaad
,,,W25 Penza
,,,Lousada $15K
,,,Hammamet $15K
,,,W60 Istanbul
,,,Parma
,,,Brest CH
,,,Forli CH
,,,Nur-Sultan
,,,Hammamet $10K
,,,Santa Margherita Di Pula $10K
,,,Sangju $15K
,,,Maia CH
,,,Hua Hin $10K
,,,Honolulu HI $60K
,,,Minsk $15K
,,,Taipei CH
,,,Evansville IN $10K
,,,Stuttgart Stammheim $15K
,,,Antalya $15K
,,,W15 Madrid
,,,Dubai
,,,Aptos CH
,,,W15 Les Contamines Montjoie
,,,W25 Woking
,,,Batumi $25K
,,,Kurume $60K
,,,Hammamet $15K
,,,Baku $10K
,,,Cuernavaca CH
,,,Evansville IN $15K
,,,Braunschweig $25K
,,,Lisbon CH
,,,Shenzhen
,,,W15 Fort-de-France (Martinique)
,,,Gstaad
,,,Curitiba CH
,,,Torino $25K
,,,W25 Evansville IN
,,,Irving CH
,,,Blois CH
,,,W15 Monastir
,,,Bangkok CH
,,,Cary CH
,,,Hammamet $10K
,,,Nanjing $10K
,,,Ponta Delgada Azores $10K
,,,Kurume $50K
,,,W25 Florence SC
,,,Bangkok CH
,,,W15 Sharm El Sheikh
,,,W15 Sharm El Sheikh
,,,Heilbronn CH
,,,Sharm El Sheikh $10K
,,,Guiyang $25K
,,,Stuttgart
,,,W25 Verbier
,,,Nonthaburi $15K
,,,Nules $25K
,,,Nongbo CH
,,,Alkmaar $15K
,,,Beni Mellal $15K
,,,Hua Hin CH
,,,St. Petersburg
,,,Galati $10K
,,,Sharm El Sheikh $15K
,,,Antalya $15K
,,,W15 Cancun
,,,W60 Saguenay
,,,Montevideo CH
,,,Sharm El Sheikh $15K
,,,Houston CH
,,,Antalya $10K
,,,Stockton CA $50K
,,,Sharm El Sheikh $10K
,,,Todi CH
,,,W25 Kofu
,,,Madrid $15K
,,,Antalya $10K
,,,Andria CH
,,,W60 Shenzhen
,,,W15 Cancun
,,,Rome CH
,,,Luzhou $25K
,,,Sharm El Sheikh $15K
,,,W15 Antalya
,,,Memphis
,,,Nonthaburi $25K
,,,Chengdu
,,,Hua Hin $15K
,,,Burnie CH
,,,Guayaquil CH
,,,Maui HI $50K
,,,Amarante $15K
,,,Montevideo CH
,,,W25 Bad Saulgau
,,,Bratislava CH
,,,Umag
,,,W15 Manacor
,,,Contrexeville $100K
,,,W15 Antalya
,,,Moscow
,,,Moscow
,,,W25 Otocec
,,,St Poelten $10K
,,,W15 Antalya
,,,W15 Monastir
,,,Antalya $15K
,,,Quimper CH
,,,W25 Boca Raton FL
,,,Mragowo $15K
,,,Santa Cruz 15K
,,,W25 Akko
,,,Santiago CH
,,,Traralgon CH
,,,W25 Jakarta
,,,Chennai
,,,W15 Johannesburg
,,,Targu Jiu $15K
,,,Hammamet $10K
,,,Dubai
,,,Ilkley CH
,,,Lleida $25K
,,,Hammamet $15K
,,,Villa Dolores $15K
,,,Tokyo $100K
,,,Fergana CH
,,,W25 Singapore
,,,Auckland
,,,Stare Splavy $25K
,,,Andrezieux Boutheon $60K
,,,Perigueux $25K
,,,Knokke $15K
,,,Cuneo $15K
,,,Lexington CH
,,,Lima CH
,,,Focsani $10K
,,,Jurmala
,,,Palmanova $10K
,,,Samarkand CH
,,,W80 Macon GA
,,,Las Vegas NV $80K
,,,New Haven
,,,W15 Monastir
,,,Tallahassee CH
,,,Nonthaburi $15K
,,,Iizuka $25K
,,,Contrexeville $100K
,,,W60 Meitar
,,,Budapest $50K
,,,Sharm El Sheikh $15K
,,,W15 Hua Hin
,,,Poprad CH
,,,Bergamo CH
,,,Geneva
,,,Hammamet $15K
,,,Canberra CH
,,,Kazan $15K
,,,Liberec  CH
,,,Florence SC $25K
,,,Gonesse $15K
,,,Singapore $25K
,,,W15 Guatemala
,,,Fukuoka $50K
,,,W15 Antalya
,,,W25 Vrnjacka Banja
,,,Kaohsiung $10K
,,,Bangalore CH
,,,Munich
,,,Cairo $15K
,,,W25 Lagos
,,,Dubai $100K
,,,W15 Tabarka
,,,W15 Antalya
,,,Toowoomba $25K
,,,W15 Monastir
,,,Bordeaux CH
,,,Nanchang
,,,Tel Aviv Ramat Gan $10K
,,,Alicante CH
,,,Stuttgart Vaihingen $25K
,,,Gyor $10K
,,,Manisa $10K
,,,Shenzhen
,,,W25 Surprise AZ
,,,Sharm El Sheikh $10K
,,,W100 Vancouver
,,,Heraklion $15K
,,,Stellenbosch $15K
,,,Hammamet $15K
,,,Fairfield CH
,,,Cairo $10K
,,,Tiberias $10K
,,,W100 Bonita Springs FL
,,,W25 Makinohara
,,,Valencia $60K
,,,Zagreb CH
,,,Tyler TX $80K
,,,Marbella
,,,Sharm El Sheikh $10K
,,,Dijon $15K
,,,W15 Tabarka
,,,Monterrey CH
,,,Santa Margherita Di Pula $10K
,,,Katowice
,,,Solapur $10K
,,,Parnu $10K
,,,Hong Kong $10K
,,,Sharm El Sheikh $10K
,,,Bad Saulgau $25K
,,,Kiryat Shmona $10K
,,,Budapest $100K
,,,Grenoble $25K
,,,W15 Perth
,,,W15 Monastir
,,,Padova $25K
,,,Catanduva $15K
,,,Djibouti $15K
,,,Biella 4 CH
,,,W25 Canberra
,,,Sevilla CH
,,,W15 Antalya
,,,Santa Margherita Di Pula $25K
,,,W100 Landisville PA (MOVED FROM 02 AUG)
,,,Milan CH
,,,Hammamet $10K
,,,Cairo $15K
,,,W60 Zagreb
,,,Santa Margherita Di Pula $25K
,,,W15 Cancun
,,,Bhopal $15K
,,,Lagos $25K
,,,Heraklion $10K
,,,W25 Las Vegas NV
,,,W25 Koksijde
,,,Benicarlo $10K
,,,Pune $25K
,,,Amiens $15K
,,,Nanjing CH
,,,Santa Margherita Di Pula $25K
,,,s Hertogenbosch
,,,S-Hertogenbosch
,,,Santa Margherita Di Pula $25K
,,,W60 Brescia
,,,Sao Paulo CH
,,,Marseille
,,,Madrid $10K
,,,Antalya $15K
,,,Herzlia $15K
,,,Santa Margherita Di Pula $10K
,,,Stanford
,,,Atlanta
,,,Tianjin $25K
,,,Braunschweig $25K
,,,Gatineau $25K
,,,Izmir $60K
,,,Brest CH
,,,Hammamet $15K
,,,Antwerp
,,,Darmstadt $25K
,,,W25 Almaty
,,,Doha
,,,Sao Paulo
,,,Sharm El Sheikh $10K
,,,Tel Aviv Ramat Gan $10K
,,,Prague $15K
,,,Heraklion $15K
,,,Shymkent CH
,,,Grand Baie La Croisette $10K
,,,Raanana CH
,,,Sumter SC $25K
,,,Meerbusch CH
,,,W25 Kazan
,,,Mons CH
,,,Pune
,,,W15 Monastir
,,,Auckland
,,,Nur-Sultan 2 CH
,,,W15 Antalya
,,,W25 Las Palmas de Gran Canaria
,,,W15 Don Benito (Badajoz)
,,,Sharm El Sheikh $10K
,,,W25 Grado
,,,W15 Monastir
,,,Sharm El Sheikh $15K
,,,Santos CH
,,,Quanzhou CH
,,,Sharm El Sheikh $15K
,,,Mallorca
,,,Heraklion $15K
,,,Prague
,,,W15 Sao Paulo
,,,Beinasco $25K
,,,W15 Antalya
,,,Budapest CH
,,,Sibiu CH
,,,Sangju $15K
,,,Nieuwpoort $10K
,,,W15 Manacor
,,,Budapest
,,,Dublin $15K
,,,Istanbul CH
,,,St. Petersburg
,,,Rotterdam
,,,Rio de Janeiro
,,,W15 Cancun
,,,Buenos Aires
,,,Podgorica $25K
,,,Kofu $25K
,,,Liuzhou CH
,,,Telavi $15K
,,,Nottingham 2 CH
,,,W15 Monastir
,,,Lisbon CH
,,,Nottingham
,,,W15 Cancun
,,,Banja Luka $10K
,,,Darwin $60K
,,,W25 Nonthaburi
,,,Hong Kong $25K
,,,W25 Sunderland
,,,Mornington $25K
,,,W15 Manacor
,,,W15 Santarem
,,,San Jose
,,,Columbus CH
,,,W15 Antalya
,,,W15 Monastir
,,,Melilla $10K
,,,Tucepi $10K
,,,W25 Radom
,,,Minsk $15K
,,,Antalya $15K
,,,Heraklion $10K
,,,Nanning $25K
,,,s Hertogenbosch
,,,'s Hertogenbosch
,,,W25 Porto
,,,Casablanca $10K
,,,Montpellier $25K
,,,Pune CH
,,,W15 Sharm El Sheikh
,,,Sharm El Sheikh $10K
,,,Anning $100K
,,,Solarino $15K
,,,Antalya $15K
,,,Las Vegas CH
,,,Antalya $10K
,,,W60 Montpellier
,,,Stuttgart
,,,Acapulco
,,,Acapulco
,,,Las Palmas de Gran Canaria $25K
,,,Focsani $15K
,,,W25 Zagreb
,,,W15 Bucha
,,,Antalya 15K
,,,Portoroz CH
,,,W60 Zagreb
,,,W15 Antalya
,,,Savitaipale $15K
,,,Seoul CH
,,,Mouilleron-Le-Captif CH
,,,Puebla CH
,,,Stuttgart Vaihingen $25K
,,,W25 Potchefstroom
,,,Budapest $100K
,,,Santarem $15K
,,,W25 Daytona Beach FL
,,,Sofia $25K
,,,W15 Lousada
,,,Hammamet $10K
,,,Gimcheon $15K
,,,W15 Curtea de Arges
,,,W15 Stockholm
,,,Linz
,,,W25 Grenoble
,,,W15 Monastir
,,,Tianjin
,,,Bethany Beach DE $25K
,,,Sharm El Sheikh $10K
,,,W15 Cordenons
,,,W25 Orlando FL
,,,Mildura $25K
,,,W15 Monastir
,,,Santa Margherita Di Pula $10K
,,,Hammamet $10K
,,,W25 Daytona Beach FL
,,,Split 2 CH
,,,Birmingham
,,,W25 Jodhpur
,,,Santa Margherita Di Pula $25K
,,,Bol $10K
,,,Cairns $25K
,,,Savitaipale $15K
,,,Orlando CH
,,,W25 Cordenons
,,,Sao Paulo
,,,Guangzhou
,,,W25 Shenzhen
,,,Ofakim $15K
,,,Pereira $15K
,,,Nurnberg
,,,W15 Cancun
,,,W100 Cairo
,,,W25 Changwon
,,,W25 Jerusalem
,,,W15 Antalya
,,,Buenos Aires
,,,Parma CH
,,,Sharm El Sheikh $10K
,,,W15 Manacor
,,,Olomouc $80K
,,,Heraklion $10K
,,,Santiago
,,,Gstaad
,,,W25 Antalya
,,,W25 The Hague
,,,Xiamen $15K
,,,W15 Monastir
,,,Glasgow $25K
,,,W25 Frydek Mistek
,,,Prokuplje $15K
,,,Sophia Antipolis CH
,,,Glasgow $10K
,,,W25 Verbier
,,,Istanbul $60K
,,,Wiesbaden $25K
,,,Leipzig $25K
,,,Hua Hin
,,,Pozoblanco CH
,,,El Paso TX $25K
,,,W15 Tabarka
,,,Taipei
,,,W60 La Bisbal D'Emporda
,,,Fergana $25K
,,,W15 Shymkent
,,,Budapest
,,,Les Contamines Montjoie $15K
,,,Linz
,,,Santa Margherita Di Pula $25K
,,,Shenzhen
,,,Port Pirie $25K
,,,Puerto Vallarta CH
,,,Istanbul
,,,Pune 25K
,,,Monterrey CH
,,,Porto $25K
,,,Ostrava CH
,,,Antalya $15K
,,,W60 Shrewsbury
,,,W100 Tokyo
,,,W15 Barletta
,,,W15 Heraklion
,,,Belgrade
,,,Antalya $10K
,,,Andijan $25K
,,,Podgorica $25K
,,,Prostejov CH
,,,Guiyang $25K
,,,Antalya $15K
,,,Manama $10K
,,,Antalya $15K
,,,Middelburg $25K
,,,W15 Monastir
,,,W25 Cherbourg-en-Cotentin
,,,Bethany Beach DE $25K
,,,Rome $25K
,,,Gimcheon $15K
,,,Haren $15K
,,,W25 Rancho Santa Fe CA
,,,Hammamet $15K
,,,Tokyo
,,,Waco TX $80K
,,,Potchefstroom 1 CH
,,,Vienna
,,,W15 Monastir
,,,Bogota
,,,W25 Sunderland
,,,Gifu $75K
,,,Asuncion $15K
,,,Sharm El Sheikh $15K
,,,Hammamet $10K
,,,Saint Petersburg $100K
,,,W15 Cairo
,,,Imola $25K
,,,Iasi $10K
,,,Quito CH
,,,W15 Cancun
,,,W15 Norman OK
,,,TeldeLP De Gran Canaria $15K
,,,Segovia CH
,,,Limoges
,,,W15 Sharm El Sheikh
,,,Bratislava CH
,,,Bucaramanga CH
,,,La Paz $10K
,,,Den Haag $15K
,,,Minsk $15K
,,,Kaltenkirchen $15K
,,,Cary CH
,,,Nanjing $10K
,,,Heraklion $15K
,,,W15 Monastir
,,,Drummondville CH
,,,Wesley Chapel FL $25K
,,,Brno $15K
,,,W60 Nur-Sultan
,,,Genova CH
,,,Bastad
,,,Breda $10K
,,,W15 Monastir
,,,Sharm El Sheikh $10K
,,,Concord
,,,Bogota
,,,Almaty $25K
,,,W15 Antalya
,,,W15 Antalya
,,,Halle
,,,Dubai 100K
,,,W15 Amarante
,,,Antalya $15K
,,,W25 Kazan
,,,Santa Margherita Di Pula $10K
,,,Prague $10K
,,,W25 Malibu CA
,,,Andria CH
,,,Denain $25K
,,,Marbella CH
,,,Tokyo
,,,W15 Solarino
,,,W60 Prerov
,,,W25 Osaka
,,,Benavides $15K
,,,W15 Cairo
,,,Montemor O Novo $15K
,,,Hong Kong $10K
,,,Budapest
,,,W15 Heraklion
,,,Moscow CH
,,,Kuala Lumpur
,,,W15 Sharm El Sheikh
,,,Buenos Aires
,,,Campinas CH
,,,Amarante $10K
,,,W25 Bydgoszcz
,,,Lima CH
,,,Tsukuba $25K
,,,Samarkand CH
,,,Auckland
,,,W25 Kaposvar
,,,Antalya $10K
,,,Delray Beach
,,,Prague CH
,,,W15 Antalya
,,,W25 Santa Margherita Di Pula
,,,Cakovec $10K
,,,Sharm El Sheikh $15K
,,,W60 Charleston SC
,,,W15 Ceuta
,,,Santa Margherita Di Pula $10K
,,,W15 Tabarka
,,,W15 Monastir
,,,Lexington KY $50K
,,,Como CH
,,,W15 Antalya
,,,Auckland
,,,Segovia CH
,,,Solarino $15K
,,,Petit Bourg Guadeloupe $15K
,,,W25 Vigo
,,,Canberra $60K
,,,W15 Monastir
,,,Antwerp
,,,La Reunion $10K
,,,W25 Playford
,,,W15 Antalya
,,,Gimcheon $10K
,,,Hua Hin $25K
,,,Grampians Trophy
,,,Antalya
,,,Milan CH
,,,W15 Nonthaburi
,,,Ortisei CH
,,,W25 Madrid
,,,Vienna
,,,Sarasota CH
,,,Astana $100K
,,,W15 Le Havre
,,,Varna $15K
,,,W25 Toowoomba
,,,W15 Wanfercee-Baulet
,,,Bangkok CH
,,,Kyoto CH
,,,Hammamet $15K
,,,W15 Jakarta
,,,W15 Monastir
,,,W25 Parnu
,,,Granby $60K
,,,Lexington CH
,,,Mendoza CH
,,,Prague CH
,,,Baton Rouge LA $25K
,,,Casablanca CH
,,,W25 Montpellier
,,,Santa Margherita Di Pula $25K
,,,W25 Brisbane
,,,W15 Heraklion
,,,Potchefstroom CH
,,,W15 Sharm El Sheikh
,,,Antalya $15K
,,,W15 Alkmaar
,,,Nanning $25K
,,,W15 Metepec
,,,Sharm El Sheikh $10K
,,,Rome $25K
,,,W25 Macon
,,,Santo Domingo CH
,,,Cairo $10K
,,,Palmanova $10K
,,,Palermo
,,,W15 Antalya
,,,Hong Kong $15K
,,,Tarakan $10K
,,,Shenzhen CH
,,,Hammamet $15K
,,,Shenzhen
,,,W15 Santarem
,,,W15 Shreveport LA
,,,W25 Tucson AZ
,,,Baku $10K
,,,Southsea 16 Main Draw Friday Final No Qualifying $10000K
,,,Shenzhen
,,,Samarkand CH
,,,Bratislava $25K
,,,W15 Palmanova
,,,Estoril
,,,Hammamet $10K
,,,Winnipeg CH
,,,Cluj-Napoca
,,,Shenzhen CH
,,,New Haven
,,,Southsea $100K
,,,Bad Saulgau $25K
,,,Biarritz $80K
,,,Trnava $100K
,,,Las Palmas 1 CH
,,,Hammamet $10K
,,,W25 Sezze
,,,Sharm El Sheikh $15K
,,,Tiburon CH
,,,W60 Prague
,,,Trnava $15K
,,,W25 Roehampton
,,,Alphen A D Rijn $10K
,,,W15 Tabarka
,,,Knoxville CH
,,,Djibouti $10K
,,,Savannah CH
,,,Djibouti $10K
,,,W15 Cairo
,,,Zhuhai
,,,Winnetka CH
,,,Ortisei CH
,,,Cairns $25K
,,,W15 Solarino
,,,Prague
,,,Sharm El Sheikh $15K
,,,Orleans CH
,,,Gstaad
,,,Hammamet $15K
,,,Nanchang
,,,Gstaad
,,,W25 Moscow
,,,Fort de France Martinique $10K
,,,Les Franqueses del Valles $25K
,,,W25 Yokohama
,,,Prague $75K
,,,Vienna
,,,W15 La Paz
,,,Sharm El Sheikh $10K
,,,Bad Waltersdorf $10K
,,,Zhuhai
,,,Zhuhai
,,,Atp Cup
,,,Hechingen $25K
,,,Zhuhai
,,,Singapore
,,,Tour Finals
,,,Astana $80K
,,,W25 Salinas
,,,Tour Finals
,,,Singapore
,,,Nis $10K
,,,Tour Finals
,,,Shenzhen Finals
,,,Sharm El Sheikh $10K
,,,Tour Finals
,,,Zhuhai CH
,,,Davis Cup QLS R1: AUS vs BRA
,,,Tour Finals
,,,Singapore
,,,Davis Cup G1 R2: RUS vs NED
,,,Fed Cup WG R1: BEL vs ITA
,,,Fed Cup WG2 R1: UKR vs AUS
,,,Davis Cup G2 R2: MEX vs PER
,,,Davis Cup WG1 PO: BIH vs RSA
,,,Davis Cup G1 R1: PER vs ECU
,,,Davis Cup WG1 PO: UKR vs TPE
,,,Davis Cup WG PO: CZE vs NED
,,,Davis Cup G1 R1: TPE vs CHN
,,,Fed Cup WG R1: NED vs USA
,,,Davis Cup QLS R1: GER vs BLR
,,,Davis Cup G1 R1: KOR vs PAK
,,,Fed Cup WG F: USA vs BLR
,,,Davis Cup G1 R2: CHN vs UZB
,,,Davis Cup G1 R1: DOM vs CHI
,,,Davis Cup G2 R1: TUN vs FIN
,,,Fed Cup WG R1: CZE vs ROU
,,,Davis Cup G2 R3: DEN vs RSA
,,,Davis Cup G1 R2: POR vs SWE
,,,Davis Cup G1 R1: CHI vs DOM
,,,Davis Cup WG PO: JPN vs BRA
,,,Fed Cup WG2 R1: USA vs POL
,,,Davis Cup Finals RR: KAZ vs NED
,,,Davis Cup G1 R2: NED vs BIH
,,,Davis Cup WG PO: AUT vs AUS
,,,Davis Cup QLS R1: CRO vs IND
,,,Davis Cup G2 R1: MEX vs GUA
,,,Davis Cup WG PO: CRO vs COL
,,,Davis Cup G2 R1: ROU vs LUX
,,,Davis Cup G1 R2: CHI vs COL
,,,Davis Cup G2 R1: PAK vs IRI
,,,BJK Cup Playoffs: CAN vs SRB
,,,Davis Cup G1 R1: ROU vs BLR
,,,Davis Cup G2 R2: VIE vs THA
,,,Davis Cup G2 R1: LBN vs TPE
,,,Davis Cup WG R1: CAN vs CRO
,,,Davis Cup WG R1: ESP vs CRO
,,,Davis Cup G1 R2: PAK vs UZB
,,,Davis Cup G2 R1: SLO vs POL
,,,Fed Cup WG R1: LAT vs GER
,,,Davis Cup Finals RR: GER vs CHI
,,,Davis Cup G2 R1: MON vs LAT
,,,Davis Cup G2 R1: MEX vs PAR
,,,Davis Cup G2 R1: THA vs PHI
,,,Davis Cup G2 R1: IRL vs DEN
,,,Davis Cup WG2 PO: ESA vs JAM
,,,Davis Cup G1 R2: KAZ vs CHN
,,,Davis Cup WG QF: ITA vs BEL
,,,Davis Cup G2 R3: EGY vs FIN
,,,Davis Cup QLS R1: SUI vs RUS
,,,Davis Cup WG SF: GBR vs ARG
,,,Davis Cup G2 R2: SWE vs TUR
,,,Davis Cup WG SF: CRO vs USA
,,,Davis Cup Finals RR: BEL vs COL
,,,Fed Cup WG2 R1: CAN vs BLR
,,,Davis Cup G2 R1: PUR vs MEX
,,,Davis Cup Finals QF: AUS vs CAN
,,,Davis Cup WG2 PO: INA vs KEN
,,,Davis Cup WG PO: JPN vs BIH
,,,Davis Cup G1 R2: BIH vs SVK
,,,Davis Cup QLS R1: JPN vs CHN
,,,Davis Cup WG2 PO: SYR vs ZIM
,,,Davis Cup G2 R2: LTU vs RSA
,,,Davis Cup WG PO: KAZ vs RUS
,,,Davis Cup G2 R1: EGY vs SLO
,,,Davis Cup QLS R1: KAZ vs POR
,,,Davis Cup WG1 PO: MEX vs FIN
,,,Davis Cup G1 R2: UKR vs AUT
,,,Davis Cup WG PO: SUI vs SWE
,,,Davis Cup G1 R1: ECU vs VEN
,,,Davis Cup WG SF: FRA vs ESP
,,,Davis Cup WG QF: USA vs CRO
,,,Davis Cup G1 R1: NZL vs IND
,,,Fed Cup WG R1: RUS vs BLR
,,,Fed Cup WG2 R1: UKR vs CAN
,,,Davis Cup G2 R1: BOL vs PER
,,,Davis Cup G1 R1: AUT vs BLR
,,,Davis Cup G1 R1: ROU vs SLO
,,,Davis Cup G2 R3: PER vs VEN
,,,Davis Cup G1 R1: COL vs BAR
,,,Davis Cup G1 R2: BLR vs AUT
,,,Fed Cup WG2 R1: CAN vs ROU
,,,Davis Cup WG1 PO: PER vs SUI
,,,Davis Cup G2 R1: PUR vs ESA
,,,Davis Cup QLS R1: CAN vs SVK
,,,Davis Cup G1 R2: CZE vs ISR
,,,Davis Cup WG2 PO: MAR vs VIE
,,,Davis Cup G2 R1: ZIM vs FIN
,,,Davis Cup G2 R2: TPE vs PHI
,,,Davis Cup G2 R1: BOL vs ESA
,,,Fed Cup WG R1: BLR vs SVK
,,,Davis Cup G1 R1: POR vs BLR
,,,Davis Cup WG R1: KAZ vs SUI
,,,Fed Cup WG SF: FRA vs USA
,,,Fed Cup WG2 R1: ROU vs BEL
,,,Davis Cup G2 R1: BIH vs TUN
,,,Davis Cup WG PO: RUS vs HUN
,,,Fed Cup WG R1: BEL vs FRA
,,,Davis Cup G2 R1: IRI vs HKG
,,,Davis Cup G2 R1: URU vs PER
,,,Davis Cup WG SF: FRA vs SRB
,,,Davis Cup Finals SF: GBR vs ESP
,,,Fed Cup WG R1: GER vs UKR
,,,ATP Next Gen Finals
,,,Davis Cup WG1 PO: BOL vs DOM
,,,Davis Cup G1 R2: CHI vs COL
,,,Davis Cup QLS R1: SWE vs COL
,,,Davis Cup QLS R1: AUS vs BIH
,,,Davis Cup G2 R3: BAR vs VEN
,,,Davis Cup G1 R1: CHN vs NZL
,,,Davis Cup G1 R2: BRA vs ECU
,,,Davis Cup G1 R2: IND vs KOR
,,,Fed Cup WG2 R1: ESP vs SRB
,,,Fed Cup WG R1: SUI vs ROU
,,,Davis Cup Finals RR: BEL vs AUS
,,,Davis Cup WG PO: SRB vs IND
,,,Fed Cup WG F: CZE vs USA
,,,Fed Cup WG2 R1: SVK vs BRA
,,,Fed Cup QLS R1: SUI vs CAN
,,,Davis Cup G2 R2: LTU vs GEO
,,,Davis Cup G2 R1: TUR vs CYP
,,,Davis Cup WG R1: HUN vs BEL
,,,Davis Cup G1 R2: UZB vs IND
,,,Davis Cup G2 R2: HKG vs LBN
,,,Davis Cup G2 R3: PAK vs THA
,,,Fed Cup WG2 R1: RUS vs ITA
,,,BJK Cup Playoffs: KAZ vs ARG
,,,Fed Cup WG SF: FRA vs NED
,,,Davis Cup G2 R2: FIN vs LTU
,,,Fed Cup WG2 R1: ESP vs PAR
,,,Davis Cup WG PO: CAN vs NED
,,,Davis Cup WG2 PO: DEN vs PUR
,,,Fed Cup QLS R1: GBR vs SVK
,,,Davis Cup G1 R2: ESP vs ROU
,,,Davis Cup WG QF: ITA vs ARG
,,,Davis Cup WG R1: GER vs CZE
,,,Davis Cup G2 R1: PER vs ESA
,,,Davis Cup WG R1: USA vs SRB
,,,Fed Cup WG R1: GER vs BLR
,,,Davis Cup G2 R2: PHI vs THA
,,,Davis Cup G1 R2: ARG vs CHI
,,,Davis Cup G2 R1: ROU vs ZIM
,,,Fed Cup WG2 R1: POL vs TPE
,,,Davis Cup Finals RR: ARG vs CHI
,,,Fed Cup WG R1: BEL vs ESP
,,,Davis Cup G2 R1: VIE vs INA
,,,Davis Cup WG QF: AUS vs USA
,,,Davis Cup Finals RR: FRA vs SRB
,,,Davis Cup G2 R1: NOR vs GEO
,,,Davis Cup G2 R1: NZL vs INA
,,,Fed Cup WG R1: AUS vs USA
,,,Fed Cup WG R1: ITA vs ESP
,,,Fed Cup WG2 R1: ROU vs GBR
,,,Davis Cup G2 R1: VEN vs GUA
,,,Davis Cup WG R1: CRO vs BEL
,,,Fed Cup WG2 R1: CAN vs SVK
,,,Davis Cup G1 R2: POR vs UKR
,,,Davis Cup WG PO: ARG vs KAZ
,,,Davis Cup G1 R2: COL vs BRA
,,,Davis Cup G2 R2: ROU vs MAR
,,,Davis Cup QLS R1: AUT vs CHI
,,,Davis Cup WG R1: CAN vs GBR
,,,Fed Cup WG R1: NED vs AUS
,,,Fed Cup WG2 R1: GBR vs KAZ
,,,Davis Cup WG1 PO: PAK vs SLO
,,,Davis Cup WG QF: SRB vs ESP
,,,Davis Cup G2 R2: VEN vs URU
,,,BJK Cup Playoffs: BRA vs POL
,,,Fed Cup WG2 R1: ITA vs TPE
,,,Fed Cup QLS R1: ROU vs RUS
,,,Fed Cup WG R1: GER vs SUI
,,,Fed Cup WG SF: ROU vs FRA
,,,Davis Cup WG QF: ESP vs GER
,,,Davis Cup QLS R1: USA vs UZB
,,,Davis Cup G2 R1: BUL vs TUR
,,,Davis Cup G1 R1: BRA vs BAR
,,,Davis Cup WG F: BEL vs FRA
,,,Davis Cup WG R1: JPN vs FRA
,,,Davis Cup WG QF: USA vs BEL
,,,Fed Cup WG2 R1: RUS vs SVK
,,,Davis Cup WG1 PO: NOR vs BAR
,,,BJK Cup Playoffs: ROU vs ITA
,,,Davis Cup G1 R2: BRA vs ECU
,,,Fed Cup WG R1: BLR vs NED
,,,Davis Cup G2 R1: PHI vs KUW
,,,Davis Cup G2 R1: VIE vs HKG
,,,Davis Cup WG SF: BEL vs AUS
,,,Fed Cup WG2 R1: AUS vs SRB
,,,Davis Cup Finals RR: ARG vs GER
,,,Davis Cup WG2 PO: POL vs HKG
,,,Davis Cup G2 R1: TPE vs MAS
,,,Davis Cup WG PO: GER vs POL
,,,Fed Cup WG R1: FRA vs ITA
,,,Fed Cup WG SF: BLR vs AUS
,,,Davis Cup WG PO: AUS vs SVK
,,,Davis Cup WG PO: ARG vs COL
,,,Davis Cup WG F: FRA vs CRO
,,,Fed Cup WG F: FRA vs AUS
,,,Davis Cup WG PO: SUI vs BLR
,,,Davis Cup QLS R1: SRB vs UZB
,,,Davis Cup QLS R1: AUT vs URU
,,,Davis Cup WG R1: RUS vs SRB
,,,Davis Cup WG2 PO: GEO vs EST
,,,Davis Cup G2 R1: GEO vs MAR
,,,BJK Cup Playoffs: JPN vs UKR
,,,Davis Cup G2 R3: LTU vs BIH
,,,Davis Cup G2 R2: EGY vs DEN
,,,Davis Cup WG1 PO: VEN vs NZL
,,,BJK Cup Playoffs: LAT vs IND
,,,Davis Cup G2 R1: MAR vs DEN
,,,Davis Cup QLS R1: KAZ vs NED
,,,Fed Cup WG2 R1: ARG vs UKR
,,,Davis Cup G1 R1: ISR vs POR
,,,Fed Cup WG2 R1: SVK vs LAT
,,,Davis Cup G1 R2: SVK vs HUN
,,,Davis Cup G2 R1: EST vs RSA
,,,Davis Cup G2 R1: LTU vs NOR
,,,Davis Cup G2 R2: ESA vs VEN
,,,Fed Cup WG2 R1: JPN vs NED
,,,Davis Cup G1 R2: AUT vs RUS
,,,Davis Cup G2 R1: EST vs LTU
,,,Fed Cup WG2 R1: SRB vs BEL
,,,Davis Cup WG PO: GBR vs UZB
,,,Davis Cup G2 R1: DEN vs TUR
,,,Fed Cup WG R1: NED vs SVK
,,,Davis Cup Finals F: CAN vs ESP
,,,Davis Cup Finals RR: USA vs ITA
,,,Davis Cup WG PO: ESP vs IND
,,,Fed Cup WG SF: CZE vs SUI
,,,Davis Cup G1 R1: SWE vs ISR
,,,Davis Cup G2 R1: SRI vs THA
,,,Davis Cup G2 R2: ESA vs VEN
,,,Davis Cup Finals RR: FRA vs JPN
,,,Davis Cup G2 R1: BAH vs VEN
,,,Davis Cup G1 R1: HUN vs ISR
,,,Davis Cup G2 R1: SWE vs TUN
,,,Davis Cup Finals RR: USA vs CAN
,,,Davis Cup G2 R3: URU vs MEX
,,,Davis Cup WG R1: GBR vs JPN
,,,Davis Cup Finals RR: GBR vs KAZ
,,,Davis Cup QLS R1: BEL vs HUN
,,,Davis Cup G1 R1: DOM vs BRA
,,,Davis Cup WG R1: ITA vs JPN
,,,Davis Cup WG2 PO: PHI vs GRE
,,,Fed Cup WG2 R1: UKR vs AUS
,,,Fed Cup QLS R1: ESP vs JPN
,,,Davis Cup G2 R1: TUR vs ZIM
,,,Davis Cup WG2 PO: LAT vs EGY
,,,Fed Cup QLS R1: GER vs BRA
,,,Davis Cup WG QF: GBR vs SRB
,,,Davis Cup G2 R3: SWE vs LTU
,,,Davis Cup WG R1: USA vs AUS
,,,Davis Cup WG PO: HUN vs CZE
,,,Davis Cup WG R1: ARG vs ITA
,,,Davis Cup WG PO: GER vs POR
,,,Davis Cup G2 R1: PAR vs VEN
,,,Davis Cup G1 R1: SUI vs SVK
,,,Davis Cup QLS R1: ITA vs IND
,,,Davis Cup G2 R2: BAR vs GUA
,,,Fed Cup WG2 R1: RUS vs LAT
,,,Davis Cup G2 R2: TUR vs BIH
,,,Davis Cup G2 R1: NOR vs LAT
,,,Davis Cup Finals QF: GBR vs GER
,,,Fed Cup WG SF: BLR vs SUI
,,,Fed Cup WG SF: CZE vs USA
,,,Davis Cup WG2 PO: CRC vs BUL
,,,Davis Cup G1 R1: DOM vs URU
,,,Davis Cup G2 R1: GUA vs BOL
,,,Davis Cup G2 R1: BAR vs PAR
,,,Davis Cup G2 R2: POL vs ZIM
,,,Davis Cup WG PO: JPN vs UKR
,,,Fed Cup WG2 R1: CAN vs NED
,,,Davis Cup WG R1: SUI vs USA
,,,Davis Cup QLS R1: SWE vs CHI
,,,Davis Cup G2 R2: FIN vs DEN
,,,Davis Cup G2 R1: TPE vs HKG
,,,Davis Cup G1 R1: CHI vs ECU
,,,Davis Cup G1 R1: UZB vs LBN
,,,Davis Cup G2 R1: RSA vs BUL
,,,Davis Cup G2 R2: PER vs MEX
,,,Davis Cup WG R1: GBR vs ESP
,,,Davis Cup Finals RR: ITA vs CAN
,,,Davis Cup G2 R1: LTU vs MAR
,,,Davis Cup QLS R1: BEL vs BRA
,,,Davis Cup WG R1: CZE vs AUS
,,,Fed Cup WG R1: SUI vs FRA
,,,Davis Cup G2 R3: THA vs LBN
,,,Davis Cup G1 R1: RUS vs SWE
,,,Davis Cup G2 R1: LTU vs MAD
,,,Fed Cup WG R1: CZE vs ESP
,,,Davis Cup G2 R3: ROU vs POL
,,,Davis Cup QLS R1: ARG vs COL
,,,Davis Cup Finals RR: CRO vs ESP
,,,Davis Cup G1 R1: AUT vs FIN
,,,Davis Cup WG QF: FRA vs GBR
,,,Davis Cup Finals RR: SRB vs JPN
,,,Davis Cup WG1 PO: LBN vs THA
,,,Davis Cup G2 R1: MON vs SLO
,,,Davis Cup G1 R2: HUN vs SVK
,,,Davis Cup G2 R1: ESA vs URU
,,,Davis Cup G1 R1: UKR vs SWE
,,,Fed Cup WG SF: GER vs CZE
,,,Davis Cup WG1 PO: LTU vs POR
,,,Davis Cup WG PO: SUI vs UZB
,,,Davis Cup WG1 PO: TUR vs ISR
,,,Davis Cup G2 R1: EGY vs BLR
,,,Fed Cup WG2 R1: AUS vs SVK
,,,Fed Cup WG2 R1: RUS vs TPE
,,,Fed Cup WG2 R1: ESP vs ITA
,,,Davis Cup WG PO: CAN vs IND
,,,Fed Cup WG R1: BLR vs GER
,,,Davis Cup G2 R1: MEX vs GUA
,,,Fed Cup QLS R1: BEL vs KAZ
,,,Fed Cup QLS R1: USA vs LAT
,,,Davis Cup WG QF: FRA vs ITA
,,,Fed Cup WG R1: GER vs ROU
,,,Fed Cup WG R1: AUS vs USA
,,,Fed Cup WG R1: USA vs SUI
,,,Davis Cup G1 R1: CHN vs KOR
,,,Davis Cup G1 R1: HUN vs UKR
,,,Davis Cup QLS R1: CZE vs NED
,,,Fed Cup WG F: CZE vs FRA
,,,Davis Cup WG R1: BEL vs GER
,,,Davis Cup QLS R1: JPN vs ECU
,,,Davis Cup Finals RR: GBR vs NED
,,,Davis Cup G1 R2: IND vs CHN
,,,Davis Cup G2 R1: EGY vs NOR
,,,Davis Cup WG2 PO: GUA vs TUN
,,,Davis Cup Finals RR: AUS vs COL
,,,Davis Cup WG QF: FRA vs CZE
,,,Davis Cup WG R1: SRB vs KAZ
,,,Davis Cup G2 R2: RSA vs SLO
,,,Fed Cup G2 RR: SWE vs SLO
,,,Davis Cup WG R1: FRA vs NED
,,,Davis Cup Finals QF: ARG vs ESP
,,,Davis Cup G2 R2: NOR vs DEN
,,,Fed Cup WG R1: FRA vs BEL
,,,Fed Cup WG2 R1: GBR vs JPN
,,,Davis Cup WG F: ARG vs CRO
,,,Fed Cup WG R1: CZE vs CAN
,,,Fed Cup WG2 R1: SUI vs ITA
,,,Davis Cup WG R1: ARG vs POL
,,,Davis Cup WG R1: AUS vs GER
,,,Davis Cup WG PO: BEL vs BRA
,,,Fed Cup QLS R1: BLR vs NED
,,,Davis Cup G1 R1: RSA vs ISR
,,,Davis Cup WG R1: CAN vs FRA
,,,Fed Cup WG2 R1: SVK vs ITA
,,,Fed Cup WG R1: RUS vs BEL
,,,Fed Cup WG R1: CZE vs SUI
,,,Fed Cup WG2 R1: ESP vs JPN
,,,Fed Cup WG R1: CZE vs ROU
,,,Fed Cup WG2 R1: CAN vs KAZ
,,,BJK Cup Playoffs: NED vs CHN
,,,Davis Cup G1 R1: POR vs AUT
,,,Davis Cup G1 R1: UZB vs KOR
,,,Fed Cup WG R1: FRA vs ESP
,,,Davis Cup Finals RR: CRO vs RUS
,,,Fed Cup G2 RR: DEN vs GRE
,,,Davis Cup G1 R1: PAK vs CHN
,,,Davis Cup Finals SF: RUS vs CAN
,,,Fed Cup G2 RR: FIN vs DEN
,,,Davis Cup QLS R1: GER vs HUN
,,,Davis Cup G1 R1: POL vs BIH
,,,Davis Cup G2 R1: RSA vs LUX
,,,Fed Cup G2 RR: CRC vs PAN
,,,Fed Cup G2 PM: DOM vs CUB
,,,Fed Cup G1 RR: PAR vs COL
,,,Davis Cup G2 R1: FIN vs GEO
,,,Fed Cup WG R1: GER vs USA
,,,Davis Cup Finals QF: SRB vs RUS
,,,Fed Cup WG R1: NED vs RUS
,,,Davis Cup G2 R1: INA vs PHI
,,,Fed Cup G2 RR: BOL vs BER
,,,Davis Cup G1 R1: CZE vs BIH
,,,Fed Cup G1 RR: SRB vs LUX
,,,Davis Cup G2 R3: BLR vs DEN
,,,Fed Cup G1 RR: RUS vs POL
,,,Fed Cup G1 RR: CRO vs BUL
,,,Fed Cup G2 RR: GEO vs MDA
,,,Fed Cup G2 PM: GUM vs MGL
,,,Fed Cup G2 RR: MAS vs KGZ
,,,Fed Cup G1 PPO: GBR vs HUN
,,,Fed Cup G2 PM: IRI vs SRI
,,,Fed Cup G1 PPO: POL vs SRB
,,,Fed Cup G1 RR: THA vs KOR
,,,Davis Cup G2 R2: THA vs PHI
,,,Fed Cup G1 RR: IND vs KOR
,,,Fed Cup G1 PPO: POL vs SWE
,,,Fed Cup G2 RR: SGP vs PAK
,,,Fed Cup G2 PPO: GEO vs FIN
,,,Davis Cup G1 R1: BAR vs ECU
,,,Davis Cup WG SF: FRA vs CRO
,,,Fed Cup G2 RR: LIE vs AUT
,,,Davis Cup WG QF: KAZ vs CRO
,,,Davis Cup G1 R1: NZL vs KOR
,,,Fed Cup G1 RR: LAT vs POR
,,,Fed Cup G2 RR: DEN vs EGY
,,,Fed Cup G2 RR: ECU vs URU
,,,Fed Cup G2 RR: VEN vs GUA
,,,Fed Cup G1 RR: GBR vs POR
,,,Fed Cup G1 RR: RUS vs DEN
,,,Fed Cup G2 RR: HKG vs POC
,,,Fed Cup G2 RR: KGZ vs TJK
,,,Fed Cup G1 RR: TPE vs KOR
,,,BJK Cup Playoffs: GBR vs MEX
,,,Fed Cup G2 RR: AUT vs BIH
,,,Fed Cup G1 RR: GBR vs TUR
,,,Fed Cup G2 RR: INA vs KGZ
,,,Fed Cup G1 RR: SRB vs SWE
,,,Davis Cup G2 R3: TPE vs THA
,,,Davis Cup G2 R1: PHI vs INA
,,,Fed Cup G2 RR: NOR vs ISR
,,,Fed Cup G1 RR: IND vs UZB
,,,Fed Cup G1 RR: ARG vs VEN
,,,Fed Cup G2 PPO: LTU vs AUT
,,,Fed Cup G1 RR: UKR vs BUL
,,,Davis Cup WG R1: SUI vs ITA
,,,Fed Cup G1 RR: SRB vs TUR
,,,Fed Cup G1 RR: JPN vs PHI
,,,Fed Cup G2 RR: CHI vs CRC
,,,Davis Cup WG PO: CAN vs CHI
,,,Fed Cup G1 RR: SRB vs BUL
,,,Fed Cup G2 PPO: ECU vs PUR
,,,Fed Cup G1 RR: HUN vs BIH
,,,Fed Cup G1 PPO: CHN vs KAZ
,,,Fed Cup G1 REL: COL vs PUR
,,,Fed Cup G1 RR: CHI vs MEX
,,,Fed Cup G1 RR: PAR vs BOL
,,,Fed Cup G2 PPO: GUA vs PER
,,,Fed Cup G2 RR: DOM vs URU
,,,Fed Cup G2 RR: PER vs BOL
,,,Fed Cup G1 PM: COL vs ARG
,,,Fed Cup G1 PM: EST vs CRO
,,,Davis Cup G2 R1: GEO vs DEN
,,,Fed Cup G1 RR: PAR vs ECU
,,,Fed Cup G1 RR: KAZ vs TPE
,,,Fed Cup G2 RR: CUB vs URU
,,,Fed Cup G1 REL: BUL vs GRE
,,,Fed Cup G1 RR: CRO vs ISR
,,,Fed Cup G1 RR: IND vs PHI
,,,Fed Cup G1 PM: BUL vs POL
,,,Fed Cup G1 RR: TPE vs UZB
,,,Fed Cup G2 PPO: NZL vs PHI
,,,Fed Cup G2 RR: THA vs PHI
,,,Fed Cup G1 RR: ARG vs COL
,,,Fed Cup G1 PPO: PAR vs BRA
,,,Fed Cup G1 RR: KAZ vs CHN
,,,Fed Cup G1 REL: VEN vs MEX
,,,Fed Cup G1 RR: BOL vs VEN
,,,Fed Cup G1 RR: JPN vs IND
,,,Fed Cup G2 RR: UZB vs TKM
,,,Fed Cup G1 RR: PAR vs MEX
,,,Fed Cup G1 RR: BUL vs LAT
,,,Fed Cup G2 PM: URU vs HON
,,,Fed Cup G1 RR: CRO vs TUR
,,,Fed Cup G1 RR: INA vs KOR
,,,Fed Cup G1 RR: PAR vs COL
,,,Fed Cup G1 RR: GBR vs SLO
,,,Fed Cup G1 RR: GEO vs RSA
,,,Fed Cup G2 PPO: ECU vs BAH
,,,Fed Cup G1 REL: INA vs THA
,,,Fed Cup G1 RR: ARG vs BRA
,,,Fed Cup G1 PM: MEX vs BRA
,,,Fed Cup G2 RR: GUA vs CUB
,,,Fed Cup G1 RR: KOR vs TPE
,,,Fed Cup G1 RR: CRO vs BIH
,,,Fed Cup G1 RR: GBR vs POR
,,,Fed Cup G1 RR: BRA vs CHI
,,,Fed Cup G1 RR: GBR vs HUN
,,,Fed Cup G1 RR: SWE vs LUX
,,,Fed Cup G2 RR: INA vs MAS
,,,Fed Cup G2 RR: VEN vs CHI
,,,Fed Cup G1 RR: THA vs KAZ
,,,Davis Cup G2 R1: THA vs SRI
,,,Fed Cup G1 PM: HUN vs CRO
,,,Fed Cup G1 RR: INA vs UZB
,,,Fed Cup G2 RR: NZL vs MGL
,,,Fed Cup G1 RR: GEO vs BUL
,,,Fed Cup G1 RR: JPN vs THA
,,,Fed Cup G1 PM: POL vs UKR
,,,Davis Cup G2 R2: LAT vs BLR
,,,Fed Cup G1 RR: UZB vs IND
,,,Fed Cup G2 RR: PUR vs BAH
,,,Fed Cup G2 RR: PUR vs URU
,,,Fed Cup G1 RR: TPE vs KOR
,,,Fed Cup G1 RR: EST vs GRE
,,,Fed Cup G2 RR: DOM vs URU
,,,Fed Cup G2 RR: PHI vs HKG
,,,Davis Cup G2 R1: KUW vs THA
,,,Fed Cup G1 RR: KAZ vs KOR
,,,Fed Cup G2 PM: TKM vs TJK
,,,Fed Cup G2 RR: UZB vs NZL
,,,Fed Cup G1 REL: IND vs TPE
,,,Fed Cup G2 PM: LBN vs SRI
,,,Fed Cup G1 REL: SLO vs GEO
,,,Fed Cup G1 RR: KAZ vs THA
,,,Fed Cup G1 RR: CHN vs PHI
,,,Fed Cup G1 RR: COL vs ECU
,,,Fed Cup G2 RR: THA vs GUM
,,,Fed Cup G1 REL: RSA vs HUN
,,,Fed Cup G1 RR: POL vs GEO
,,,Fed Cup G1 RR: KAZ vs CHN
,,,Fed Cup G2 RR: PHI vs KGZ
,,,Fed Cup G1 RR: KOR vs POC
,,,Fed Cup G2 RR: GUA vs PUR
,,,Fed Cup G2 RR: KGZ vs SRI
,,,Fed Cup G1 RR: GBR vs GRE
,,,Fed Cup G1 RR: COL vs VEN
,,,Fed Cup G1 RR: PAR vs COL
,,,Fed Cup G2 RR: INA vs SRI
,,,Fed Cup G2 PM: PHI vs OMA
,,,Fed Cup G1 RR: SRB vs GEO
,,,Davis Cup QLS R1: CZE vs SVK
,,,Fed Cup G2 RR: THA vs TKM
,,,Fed Cup G2 PPO: PHI vs SIN
,,,Fed Cup G2 PM: UZB vs HKG
,,,Fed Cup G2 RR: RSA vs SLO
,,,Fed Cup G2 RR: BIH vs ISR
,,,Fed Cup G2 RR: CUB vs URU
,,,Fed Cup G2 RR: INA vs BRN
,,,Fed Cup G1 PPO: UKR vs EST
,,,Fed Cup G1 REL: LUX vs TUR
,,,Fed Cup G2 RR: ISR vs MDA
,,,Fed Cup G2 RR: VEN vs HON
,,,Fed Cup G1 PPO: CAN vs CHI
,,,Fed Cup G1 RR: ARG vs BRA
,,,Fed Cup G1 RR: CHN vs IND
,,,Fed Cup G2 RR: POC vs IRI
,,,Fed Cup G2 RR: BOL vs TTO
,,,Fed Cup G1 RR: INA vs POC
,,,Fed Cup G1 PPO: BEL vs GBR
,,,Fed Cup G2 RR: PAK vs SRI
,,,Fed Cup G1 REL: BOL vs BRA
,,,Fed Cup G1 PPO: SRB vs LAT
,,,Fed Cup G2 PM: HON vs TTO
,,,Fed Cup G2 RR: BIH vs TUN
,,,Fed Cup G1 RR: ITA vs EST
,,,Fed Cup G2 RR: DOM vs PUR
,,,Fed Cup G2 RR: PHI vs BRN
,,,Fed Cup G2 RR: HKG vs IRI
,,,Fed Cup G2 RR: URU vs CUB
,,,Fed Cup G1 RR: SLO vs SWE
,,,Fed Cup G2 PPO: AUT vs ISR
,,,Fed Cup G2 RR: SGP vs PAK
,,,Fed Cup G1 RR: SRB vs ISR
,,,Fed Cup G1 RR: TUR vs LAT
,,,Fed Cup G2 REL: NOR vs LTU
,,,Fed Cup G2 PM: NZL vs PAK
,,,Fed Cup G2 RR: INA vs SRI
,,,Fed Cup G2 RR: MAS vs IRI
,,,Fed Cup G1 RR: COL vs MEX
,,,Fed Cup G1 PPO: PAR vs BRA
,,,Fed Cup G2 RR: NZL vs LBN
,,,Fed Cup G2 RR: MAS vs SIN
,,,Fed Cup G2 RR: VEN vs DOM
,,,Fed Cup G2 RR: DEN vs FIN
,,,Fed Cup G2 PM: BAR vs BAH
,,,Fed Cup G1 RR: BUL vs SWE
,,,Fed Cup G1 RR: TUR vs GEO
,,,Fed Cup G1 RR: CAN vs PAR
,,,Fed Cup G1 RR: POL vs AUT
,,,Fed Cup G1 RR: MEX vs COL
,,,Fed Cup G1 RR: SRB vs BUL
,,,Fed Cup G2 RR: AUT vs BIH
,,,Fed Cup G1 RR: HUN vs BEL
,,,Fed Cup G2 RR: CHI vs HON
,,,Davis Cup Finals RR: ESP vs RUS
,,,Fed Cup G1 RR: EST vs SWE
,,,Fed Cup G2 PM: IRI vs PAK
,,,Fed Cup G1 RR: TUR vs LAT
,,,Fed Cup G2 RR: IRI vs BRN
,,,Fed Cup G1 RR: GBR vs LAT
,,,Fed Cup G2 RR: CRC vs BAH
,,,Fed Cup G2 RR: ECU vs CUB
,,,Fed Cup G1 RR: GRE vs SLO
,,,Fed Cup G1 RR: MEX vs ECU
,,,Fed Cup G1 RR: BRA vs CHI
,,,Fed Cup G2 RR: ECU vs CRC
,,,Fed Cup G2 RR: LUX vs ISR
,,,Fed Cup G1 REL: DEN vs EST
,,,Fed Cup G1 RR: HUN vs LAT
,,,Fed Cup G2 RR: LIE vs EGY
,,,Fed Cup G1 RR: PAR vs BOL
,,,Fed Cup G2 RR: GUA vs DOM
,,,Fed Cup G1 RR: JPN vs IND
,,,Fed Cup G1 REL: THA vs HKG
,,,Fed Cup G1 RR: POL vs TUR
,,,Fed Cup G2 RR: PHI vs SGP
,,,Fed Cup G2 RR: ISR vs RSA
,,,Fed Cup G2 RR: GUA vs DOM
,,,Fed Cup G2 RR: EGY vs GRE
,,,Fed Cup G1 RR: ARG vs CHI
,,,Fed Cup G2 RR: MAS vs PAK
,,,Fed Cup G1 RR: HUN vs SWE
,,,Fed Cup G1 RR: IND vs THA
,,,Fed Cup G1 RR: CHI vs PER
,,,Fed Cup G1 RR: JPN vs THA
,,,Fed Cup G1 RR: MEX vs BOL
,,,Fed Cup G1 RR: CRO vs SWE
,,,Fed Cup G2 RR: VEN vs URU
,,,Fed Cup G2 PPO: DEN vs TUN
,,,Fed Cup G2 RR: NZL vs PAK
,,,Fed Cup G2 RR: LIE vs BIH
,,,Fed Cup G2 RR: LTU vs LUX
,,,Fed Cup G1 RR: CHI vs COL
,,,Fed Cup G1 RR: IND vs HKG
,,,Fed Cup G2 RR: UZB vs LBN
,,,Fed Cup G1 RR: HUN vs SLO
,,,Fed Cup G2 RR: LUX vs RSA
,,,Fed Cup G2 RR: BAH vs PAN
,,,Fed Cup G2 RR: TKM vs NZL
,,,Fed Cup G1 RR: CHN vs UZB
,,,Fed Cup G2 RR: DOM vs GUA
,,,Fed Cup G2 RR: PER vs BAH
,,,Fed Cup G2 RR: POC vs IRI
,,,Fed Cup G1 PPO: GBR vs SRB
,,,Fed Cup G1 RR: CHN vs KOR
,,,Fed Cup G2 RR: BAH vs BAR
,,,Fed Cup G1 RR: ITA vs GRE
,,,Fed Cup G1 PM: THA vs CHN
,,,Fed Cup G1 REL: COL vs ECU
,,,Fed Cup G2 PM: DOM vs CRC
,,,Fed Cup G1 RR: ISR vs EST
,,,Fed Cup G2 RR: GUA vs URU
,,,Fed Cup G1 PPO: ARG vs COL
,,,Fed Cup G2 REL: BIH vs POR
,,,Fed Cup G1 RR: PAR vs VEN
,,,Fed Cup G1 RR: ECU vs PER
,,,Fed Cup G2 RR: GUA vs BAR
,,,Fed Cup G1 RR: CHN vs KOR
,,,Fed Cup G2 RR: BAH vs URU
,,,Fed Cup G1 PM: HUN vs LAT
,,,Fed Cup G1 RR: ARG vs MEX
,,,Fed Cup G2 PM: HKG vs MAS
,,,Fed Cup G1 RR: EST vs AUT
,,,Fed Cup G1 RR: TUR vs EST
,,,Fed Cup G2 RR: SIN vs KGZ
,,,Fed Cup G1 RR: KAZ vs IND
,,,Fed Cup G2 PM: KGZ vs MAS
,,,Fed Cup G2 REL: EGY vs BIH
,,,Fed Cup G2 RR: PER vs PAN
,,,Fed Cup G1 RR: PAR vs MEX
,,,Fed Cup G2 RR: CRC vs HON
,,,Fed Cup G2 RR: MAS vs SRI
,,,Fed Cup G1 PM: GRE vs TUR
,,,Fed Cup G1 PPO: RUS vs SWE
,,,Fed Cup G1 PPO: SRB vs SLO
,,,Fed Cup G2 RR: FIN vs EGY
,,,Fed Cup G2 RR: ISR vs GEO
,,,Fed Cup G1 RR: KAZ vs KOR
,,,Fed Cup G1 RR: CRO vs HUN
,,,Fed Cup G1 RR: CHN vs KOR
,,,Fed Cup G2 PM: THA vs PAK
,,,Fed Cup G2 RR: PAK vs MGL
,,,Fed Cup G2 PM: BRN vs PAK
,,,Fed Cup G2 RR: EGY vs AUT
,,,Fed Cup G2 RR: VEN vs CRC
,,,Fed Cup G2 RR: DEN vs LUX
,,,Fed Cup G2 RR: PER vs URU
,,,Fed Cup G2 RR: LTU vs DEN
,,,Fed Cup G1 PPO: KAZ vs JPN
,,,Fed Cup G1 REL: VEN vs CHI
,,,Fed Cup G1 RR: UKR vs CRO
,,,Fed Cup G1 RR: BRA vs ECU
,,,Fed Cup G1 RR: GBR vs GEO
,,,Fed Cup G1 RR: BUL vs EST
,,,Fed Cup G1 RR: COL vs CHI
,,,Fed Cup G2 RR: CRC vs HON
,,,Fed Cup G2 RR: TKM vs GUM
,,,Fed Cup G2 RR: GUA vs URU
,,,Fed Cup G1 REL: GEO vs ISR
,,,Fed Cup G2 RR: DOM vs BAR
,,,Fed Cup G2 RR: PUR vs TTO
,,,Fed Cup G1 RR: ARG vs GUA
,,,Fed Cup G2 PPO: PER vs BAH
,,,Fed Cup G2 RR: LUX vs POR
,,,Fed Cup G1 RR: ARG vs MEX
,,,Fed Cup G1 RR: JPN vs UZB
,,,Fed Cup G1 RR: UKR vs POR
,,,Fed Cup G1 REL: POR vs SWE
,,,Fed Cup G1 RR: HUN vs SLO
,,,Fed Cup G2 PPO: MEX vs PER
,,,Fed Cup G2 RR: BOL vs BAH
,,,Fed Cup G2 RR: POC vs OMA
,,,Fed Cup G2 RR: SRI vs BRN
,,,Fed Cup G1 RR: EST vs BUL
,,,Fed Cup G2 RR: TUN vs GEO
,,,Fed Cup G1 RR: ARG vs PER
,,,Fed Cup G1 RR: SRB vs EST
,,,Fed Cup G2 RR: DEN vs LTU
,,,Fed Cup G2 RR: TTO vs HON
,,,Fed Cup G2 RR: PER vs CRC
,,,Fed Cup G1 RR: BRA vs COL
,,,Fed Cup G1 RR: MEX vs CHI
,,,Fed Cup G2 RR: BRN vs PAK
,,,Fed Cup G2 RR: UZB vs NZL
,,,Fed Cup G1 RR: KAZ vs IND
,,,Fed Cup G2 RR: ISR vs TUN
,,,Fed Cup G2 RR: INA vs SRI
,,,Fed Cup G2 RR: INA vs PAK
,,,Fed Cup G2 RR: MEX vs DOM
,,,Fed Cup G2 RR: ISR vs LUX
,,,Fed Cup G2 PM: SGP vs TKM
,,,Fed Cup G2 RR: POR vs FIN
,,,Fed Cup G1 REL: THA vs PHI
,,,Fed Cup G1 RR: CAN vs VEN
,,,Fed Cup G2 RR: NOR vs SLO
,,,Fed Cup G1 RR: CHN vs IND
,,,Fed Cup G2 RR: DOM vs BAH
,,,Fed Cup G2 REL: ISR vs POR
,,,Fed Cup G2 REL: EGY vs RSA
,,,Fed Cup G1 RR: ARG vs BRA
,,,Fed Cup G1 RR: JPN vs KOR
,,,Fed Cup G2 RR: PER vs CUB
,,,Fed Cup G2 RR: SGP vs MGL
,,,Fed Cup G1 REL: UZB vs KOR
,,,Fed Cup G2 RR: POC vs IRI
,,,Fed Cup G1 RR: CHN vs IND
,,,Fed Cup G2 PPO: DEN vs BIH
,,,Fed Cup G2 REL: EGY vs FIN
,,,Fed Cup G2 RR: INA vs PAK
,,,Fed Cup G1 RR: MEX vs COL
,,,Fed Cup G1 RR: TPE vs INA
,,,Fed Cup G2 RR: DEN vs POR
,,,Fed Cup G2 RR: POR vs EGY
,,,Fed Cup G1 RR: BRA vs PER
,,,Fed Cup G2 PM: DOM vs CRC
,,,Fed Cup G2 PPO: GRE vs LUX
,,,Fed Cup G2 RR: AUT vs TUN
,,,Fed Cup G1 RR: CHN vs TPE
,,,Fed Cup G1 RR: ARG vs CHI
,,,Fed Cup G2 RR: BIH vs LUX
,,,Fed Cup G2 RR: HKG vs POC
,,,Fed Cup G1 RR: CRO vs TUR
,,,Fed Cup G2 RR: LTU vs EGY
,,,Fed Cup G2 RR: DEN vs EGY
,,,Fed Cup G2 RR: NOR vs LUX
,,,Fed Cup G1 RR: GBR vs RSA
,,,Fed Cup G1 RR: POL vs AUT
,,,Fed Cup G2 RR: POC vs BRN
,,,Fed Cup G1 RR: ISR vs BUL
,,,Fed Cup G1 RR: THA vs KOR
,,,Fed Cup G2 RR: PER vs PAN
,,,Fed Cup G1 RR: ARG vs PER
,,,Fed Cup G1 PPO: KAZ vs JPN
,,,Fed Cup G1 RR: POL vs LAT
,,,Fed Cup G2 PPO: SGP vs POC
,,,Fed Cup G1 RR: ARG vs CHI
,,,Fed Cup G2 RR: DEN vs EGY
,,,Fed Cup G1 RR: ARG vs ECU
,,,Fed Cup G1 RR: BEL vs BUL
,,,Fed Cup G1 RR: CRO vs HUN
,,,Fed Cup G2 RR: GUA vs BAH
,,,Fed Cup G1 RR: CAN vs BOL
,,,Fed Cup G2 PM: UZB vs INA
,,,Fed Cup G2 RR: SGP vs MAS
,,,Fed Cup G1 RR: TPE vs JPN
,,,Fed Cup G1 RR: BRA vs PUR
,,,Davis Cup WG2 PO: PAR vs SRI
,,,Fed Cup G2 RR: PHI vs GUM
,,,Fed Cup G1 RR: SWE vs POR
,,,Fed Cup G1 RR: THA vs UZB
,,,Fed Cup G1 RR: CHI vs PUR
,,,Fed Cup G2 RR: HKG vs BRN
,,,Fed Cup G2 RR: PHI vs IRI
,,,Fed Cup G1 RR: PAR vs VEN
,,,Fed Cup G1 RR: ARG vs BRA
,,,Fed Cup G1 RR: UKR vs SWE
,,,Fed Cup G1 REL: BOL vs PER
,,,Fed Cup G2 PM: HKG vs MAS
,,,Fed Cup G2 PM: CUB vs TTO
,,,Fed Cup G2 PM: POC vs SGP
,,,Fed Cup G2 RR: SGP vs KGZ
,,,Fed Cup G1 PPO: CRO vs ITA
,,,Fed Cup G1 RR: TUR vs POR
,,,Fed Cup G2 RR: SWE vs NOR
,,,Fed Cup G1 RR: HUN vs GRE
,,,Fed Cup G2 RR: POR vs RSA
,,,Fed Cup G1 RR: POL vs TUR
,,,Fed Cup G2 RR: SIN vs PAK
,,,Fed Cup G1 REL: CHI vs VEN
,,,Fed Cup G1 RR: THA vs IND
,,,Fed Cup G2 RR: INA vs SIN
,,,Fed Cup G1 PM: AUT vs EST
,,,Fed Cup G1 RR: CHN vs POC
,,,Fed Cup G1 RR: POL vs SLO
,,,Fed Cup G1 PPO: JPN vs TPE
,,,Fed Cup G1 PPO: UKR vs ISR
,,,Fed Cup G2 RR: MAS vs POC
,,,Fed Cup G1 RR: IND vs INA
,,,Fed Cup G1 RR: ITA vs AUT
,,,Fed Cup G1 RR: SRB vs GEO
,,,Fed Cup G2 RR: MAS vs OMA
,,,Fed Cup G1 PPO: PAR vs MEX
,,,Fed Cup G2 PPO: VEN vs GUA
,,,Fed Cup G1 RR: CHN vs JPN
,,,Fed Cup G2 RR: SRI vs TJK
,,,Fed Cup G1 RR: TUR vs AUT
,,,Fed Cup G1 RR: SWE vs UKR
,,,Fed Cup G1 RR: TUR vs ISR
,,,Fed Cup G1 RR: CHN vs HKG
,,,Fed Cup G1 RR: KAZ vs HKG
,,,Fed Cup G1 RR: TPE vs THA
,,,Fed Cup G2 PM: BAR vs PAN
,,,Fed Cup G2 RR: INA vs KGZ
,,,Fed Cup G2 RR: PHI vs POC
,,,Fed Cup G2 RR: EGY vs LUX
,,,Fed Cup G1 RR: UKR vs EST
,,,Fed Cup G1 RR: CRO vs EST
,,,Fed Cup G1 RR: KOR vs UZB
,,,Fed Cup G2 RR: FIN vs LTU
,,,Fed Cup G2 RR: SRI vs KGZ
,,,Fed Cup G1 RR: BRA vs VEN
,,,Fed Cup G2 RR: MEX vs BAR
,,,Fed Cup G2 RR: BAH vs TTO
,,,Fed Cup G1 RR: CHN vs INA
,,,Fed Cup G1 RR: CHN vs TPE
,,,Fed Cup G2 PM: HON vs URU
,,,Fed Cup G1 RR: BRA vs MEX
,,,Fed Cup G2 RR: PUR vs HON
,,,Fed Cup G2 PPO: DEN vs ISR
,,,Fed Cup G1 REL: BIH vs POR
,,,Fed Cup G1 RR: GBR vs EST
,,,Fed Cup G1 PM: MEX vs CHI
,,,Fed Cup G1 RR: CRO vs GEO
,,,Fed Cup G2 RR: MAS vs PAK
,,,Fed Cup G2 PPO: DEN vs SWE
,,,Fed Cup G1 RR: PAR vs CHI
,,,Fed Cup G1 RR: BRA vs GUA
,,,Fed Cup G2 RR: SGP vs NZL
,,,Fed Cup G2 PPO: UZB vs INA
,,,Fed Cup G2 RR: TTO vs BER
,,,Fed Cup G2 PPO: LUX vs TUN
,,,Fed Cup G1 RR: HUN vs BUL
,,,Fed Cup G1 PPO: CRO vs GBR
,,,Fed Cup G1 RR: PAR vs COL
,,,Fed Cup G2 RR: NOR vs BIH
,,,Fed Cup G2 RR: SRI vs PAK
,,,Fed Cup G1 RR: POL vs DEN
,,,Fed Cup G2 RR: PAK vs KGZ
,,,Fed Cup G1 RR: ARG vs PUR
,,,Fed Cup G2 RR: TTO vs BAR
,,,Fed Cup G1 RR: AUT vs GRE
,,,Fed Cup G2 RR: BER vs BAH
,,,Fed Cup G1 PM: GEO vs BUL
,,,Fed Cup G1 PPO: PAR vs ARG
,,,Fed Cup G1 REL: SWE vs TUR
,,,Fed Cup G1 RR: EST vs POR
,,,Fed Cup G2 RR: BOL vs PAN
,,,Fed Cup G1 RR: COL vs BOL
,,,Fed Cup G2 RR: ISR vs POR
,,,Fed Cup G2 PM: POC vs INA
,,,Fed Cup G2 PM: BOL vs TTO
,,,Fed Cup G1 PM: POR vs CRO
,,,Fed Cup G1 PM: CHN vs KOR
,,,Fed Cup G2 RR: TUN vs MDA
,,,Fed Cup G2 RR: ECU vs HON
,,,Fed Cup G2 PM: NZL vs SRI
,,,Fed Cup G2 RR: CUB vs DOM
,,,Fed Cup G1 RR: TPE vs IND
,,,Fed Cup G2 PPO: PUR vs CHI
,,,Fed Cup G1 PM: IND vs KOR
,,,Fed Cup G1 RR: UKR vs BUL
,,,Fed Cup G1 RR: GEO vs AUT
,,,Fed Cup G2 RR: SWE vs RSA
,,,Fed Cup G1 REL: GEO vs AUT
,,,Fed Cup G1 RR: CRO vs SLO
,,,Fed Cup G1 RR: KOR vs INA
,,,Fed Cup G2 RR: EGY vs BIH
,,,Fed Cup G2 RR: SIN vs SRI
,,,Fed Cup G1 RR: EST vs ISR
,,,Fed Cup G1 RR: VEN vs GUA
,,,Fed Cup G1 RR: MEX vs PER
,,,Fed Cup G1 RR: TUR vs SLO
,,,Fed Cup G2 PM: CRC vs BOL
,,,Fed Cup G1 PM: IND vs KAZ
,,,Fed Cup G1 RR: AUT vs LAT
,,,Fed Cup G1 REL: ECU vs ARG
,,,Fed Cup G1 PM: PAR vs ARG
,,,Fed Cup G2 RR: RSA vs NOR
,,,Fed Cup G1 RR: CHN vs INA
,,,Fed Cup G2 RR: PHI vs TKM
,,,Fed Cup G1 RR: SRB vs CRO
,,,Fed Cup G2 RR: OMA vs IRI
,,,Fed Cup G2 RR: VEN vs CUB
,,,Fed Cup G1 RR: BEL vs LAT
,,,Fed Cup G2 RR: INA vs TJK
,,,Fed Cup G2 RR: TTO vs BAH
,,,Fed Cup G2 RR: DOM vs BAR
,,,Fed Cup G2 REL: EGY vs MDA
,,,Fed Cup G2 PPO: SLO vs LUX
,,,Fed Cup G2 RR: HKG vs IRI
,,,Fed Cup G1 PM: CHN vs KOR
,,,Fed Cup G2 PM: URU vs BAR
